,zipcode,total,non_whiteFraction,non_whiteFraction_err
0,10001,23332,0.3650780044573976,0.10265290938664756
1,10002,78096,0.6851183159188691,0.07528234029244751
2,10003,56767,0.2248841756654394,0.05016193529235267
3,10004,3044,0.2769382391590013,0.25992646418573223
4,10005,8710,0.2623421354764638,0.15565521863644477
5,10006,3277,0.34025022886786693,0.21100551305362417
6,10007,6740,0.2893175074183977,0.17066003392765858
7,10009,59799,0.39432097526714494,0.05408131831957242
8,10010,32854,0.25865952395446523,0.11803531365957932
9,10011,50404,0.20599555590826124,0.0682838624981548
10,10012,24536,0.24335670035865664,0.07719377965232142
11,10013,28211,0.4394739640565737,0.08207563080240608
12,10014,31464,0.11079328756674289,0.05949202795150422
13,10016,50444,0.2739275235905162,0.07988250393089787
14,10017,16533,0.27629589306236013,0.12378088579940599
15,10018,9684,0.40892193308550184,0.12394292119305837
16,10019,39505,0.3021642830021516,0.07454663371288017
17,10020,0,,inf
18,10021,45261,0.17348268929100108,0.07306397700751781
19,10022,30262,0.1476108651113608,0.0746766958289613
20,10023,60307,0.179100270283715,0.05085265838635458
21,10024,58516,0.18600041014423407,0.06516564604934534
22,10025,94717,0.3400445537759853,0.05398759430882651
23,10026,38540,0.739880643487286,0.1098084187312295
24,10027,64120,0.7000311915159076,0.07123392505688678
25,10028,48205,0.13911419977180794,0.0775990706982189
26,10029,79411,0.6531085114152951,0.06426890770868822
27,10030,30358,0.8409315501679953,0.18810270950020586
28,10031,60778,0.7089571884563494,0.09323462688983206
29,10032,63189,0.6846286537213755,0.11643681625521697
30,10033,59353,0.5866931747342173,0.07322036358474486
31,10034,43951,0.6033992400627972,0.08943825669485932
32,10035,34187,0.7810278760932519,0.118628632745077
33,10036,25987,0.35783276253511376,0.08430233422290563
34,10037,20112,0.8925517104216388,0.22133409396350937
35,10038,22300,0.497219730941704,0.1060051790819509
36,10039,27471,0.8813294019147464,0.2242775520036187
37,10040,45033,0.6368662980480981,0.09747772205533756
38,10044,11731,0.46858750319665843,0.12819836079784516
39,10065,30001,0.1284290523649212,0.0825513833188079
40,10069,5231,0.28044350984515387,0.2789035259170464
41,10075,23353,0.1196848370659016,0.12133023759337218
42,10103,0,,inf
43,10110,0,,inf
44,10111,0,,inf
45,10112,0,,inf
46,10115,0,,inf
47,10119,0,,inf
48,10128,63006,0.1933149223883439,0.05296272667321542
49,10152,0,,inf
50,10153,0,,inf
51,10154,0,,inf
52,10162,1253,0.14684756584197922,0.5860300963585686
53,10165,0,,inf
54,10167,0,,inf
55,10168,0,,inf
56,10169,0,,inf
57,10170,0,,inf
58,10171,0,,inf
59,10172,0,,inf
60,10173,0,,inf
61,10174,0,,inf
62,10177,0,,inf
63,10199,0,,inf
64,10271,0,,inf
65,10278,0,,inf
66,10279,0,,inf
67,10280,9845,0.2296597257491112,0.14857430820256262
68,10282,5635,0.2926353149955634,0.16847866854577304
69,10301,39519,0.46309370176370857,0.05694562753102769
70,10302,17758,0.3951458497578556,0.09978572159798416
71,10303,24562,0.5984447520560214,0.10599800402327467
72,10304,42054,0.4717268274123746,0.07872789075476334
73,10305,41533,0.23944814966412253,0.05829269867333586
74,10306,55031,0.10966546128545729,0.05101411071102164
75,10307,15275,0.06238952536824882,0.08482757840569227
76,10308,30347,0.07424127590865659,0.06154404864421605
77,10309,33459,0.10457574942466896,0.06493909849336137
78,10310,24250,0.39624742268041235,0.0850956330309398
79,10311,0,,inf
80,10312,60951,0.08331282505619264,0.04151315648468267
81,10314,88585,0.23356098662301739,0.03304384735936896
82,10451,48289,0.8930191140839528,0.1470756887465848
83,10452,75288,0.8889065986611412,0.1423483282282505
84,10453,80516,0.8959709871329922,0.1195586467876045
85,10454,38938,0.8440084236478504,0.1770562884994259
86,10455,42779,0.9073610883844877,0.18201891854843152
87,10456,92712,0.91443394598326,0.13903401644470678
88,10457,74010,0.88385353330631,0.12702822703976935
89,10458,81698,0.80698425910059,0.10811520267042246
90,10459,47972,0.8825148003001752,0.13134562703874797
91,10460,60266,0.8658613480237614,0.13788272855961317
92,10461,50255,0.5229330414884091,0.06773544616467925
93,10462,78725,0.7768307399174341,0.06383700084750972
94,10463,71657,0.5688767322103911,0.05489701604960169
95,10464,4300,0.24139534883720926,0.2193338207819067
96,10465,44950,0.3928587319243604,0.05793279951568549
97,10466,71645,0.9129736897201479,0.16258337297504077
98,10467,103045,0.7997282740550244,0.0779772587109752
99,10468,75537,0.8592345473079418,0.11868717883114281
100,10469,71664,0.8134349185085956,0.08819991841116495
101,10470,14574,0.5330725950322492,0.09863903854633127
102,10471,21601,0.29216239988889403,0.06959200568047871
103,10472,68972,0.8255234008003247,0.10895675346554887
104,10473,61818,0.6444401307062668,0.09176393241166902
105,10474,12793,0.8769639646681779,0.256672467300115
106,10475,44749,0.8418288676841941,0.25861645628939955
107,10501,1226,0.06525285481239806,0.24926176315819815
108,10502,5513,0.28060946852893165,0.09082468632492975
109,10503,137,0.0948905109489051,0.5902469324899545
110,10504,7903,0.08186764519802603,0.06857593328722345
111,10505,905,0.14585635359116023,0.3689209124624059
112,10506,5963,0.05165185309408016,0.16212103886691895
113,10507,6859,0.3175389998542062,0.15919577994540351
114,10509,19419,0.137391214789639,0.048959682447516986
115,10510,10423,0.20665835172215297,0.0786206786504018
116,10511,2263,0.2019443216968626,0.15060644306970605
117,10512,25076,0.1096267347264317,0.06007633575709645
118,10514,12688,0.12697036569987386,0.06988728135937473
119,10516,5486,0.049763033175355464,0.07008182792074891
120,10517,584,0.13013698630136983,0.6554949646652812
121,10518,1478,0.07713125845737479,0.3524156429785266
122,10519,137,0.014598540145985384,0.9828403647808427
123,10520,12797,0.19309213096819566,0.05943954520124002
124,10522,11058,0.1964188822571894,0.05057551258592034
125,10523,9058,0.6198940163391478,0.12719166927945097
126,10524,4268,0.1255857544517338,0.09311890371598237
127,10526,1522,0.04796320630749018,0.22935428316568296
128,10527,836,0.02631578947368418,0.3111882865689726
129,10528,13066,0.21154140517373332,0.08390818082448093
130,10530,12800,0.282578125,0.08894184148672506
131,10532,5019,0.12572225542936843,0.09491120472506967
132,10533,7590,0.1263504611330698,0.08344363609876321
133,10535,685,0.13430656934306573,0.6380906853009592
134,10536,10775,0.10663573085846867,0.0986595128412261
135,10537,1541,0.16417910447761197,0.38273492576294765
136,10538,16718,0.11113769589663836,0.0509467115665617
137,10541,26371,0.08691365515149219,0.05375396810801059
138,10543,20643,0.24187375865910965,0.06012226719882379
139,10545,131,0.07633587786259544,0.434805771359981
140,10546,1433,0.27494766224703415,0.378966667441128
141,10547,7461,0.2538533708618148,0.16232888675308205
142,10548,3398,0.15420835785756326,0.14863870161361825
143,10549,16557,0.266231805278734,0.07849824483050251
144,10550,37679,0.8489874996682503,0.14364376062575698
145,10552,19620,0.5153924566768604,0.10054834076106156
146,10553,10606,0.9512540071657553,0.45186926421646806
147,10560,4930,0.10831643002028402,0.07537341950782489
148,10562,31745,0.4756339581036384,0.0738619104547719
149,10566,23977,0.5833507110981357,0.0819921763026599
150,10567,20652,0.21789657176060429,0.06428330942784352
151,10570,12966,0.13843899429276574,0.06770608044637615
152,10573,38958,0.4013296370450229,0.0579551282274575
153,10576,4878,0.10578105781057812,0.12306041036896714
154,10577,6508,0.27443146896127846,0.11558058841885717
155,10578,843,0.12574139976275212,0.4102341255530251
156,10579,9438,0.04619622801440981,0.06832948201204721
157,10580,17270,0.09704690214244349,0.03160180609220214
158,10583,40054,0.20070404953313026,0.03743579902185209
159,10588,2748,0.15101892285298402,0.34357044636926387
160,10589,9229,0.06349550330480014,0.06256855160325098
161,10590,6937,0.08894334726827158,0.12089419092867845
162,10591,23394,0.2960160724972215,0.05624675783743774
163,10594,5076,0.11111111111111116,0.10246949146767868
164,10595,8237,0.20395775160859542,0.09729314682221249
165,10596,1727,0.20787492762015058,0.2885771653461224
166,10597,1154,0.0,0.6703421305182695
167,10598,29489,0.12601308962664048,0.04297214965918842
168,10601,11519,0.48797638683913536,0.1347028081226199
169,10603,17429,0.4508003901543405,0.09684707876727183
170,10604,11153,0.21303685107146064,0.0976540835750995
171,10605,17470,0.24859759587864916,0.06256230997142612
172,10606,18312,0.47782874617737003,0.13634034833685146
173,10607,6806,0.5146929180135175,0.21283644499980509
174,10701,58841,0.4884859196818545,0.06479372903198147
175,10703,21039,0.4948429107847331,0.10465538798251682
176,10704,32125,0.29593774319066146,0.06326868934814726
177,10705,41008,0.5651092469761998,0.0973026532862735
178,10706,8776,0.10448951686417507,0.04769867956441972
179,10707,10253,0.1969179752267629,0.0745263936666443
180,10708,22632,0.1679922234004949,0.05756681981886223
181,10709,9090,0.09581958195819584,0.08311589475504562
182,10710,27602,0.38497210347076294,0.06728970406535147
183,10801,42154,0.47347819898467525,0.050065690085511955
184,10803,12560,0.23670382165605097,0.04763259647959893
185,10804,14634,0.13905972393057264,0.0647260334016273
186,10805,18503,0.37842512025077013,0.08952570058250697
187,10901,23959,0.20188655620017526,0.07236634594713003
188,10910,27,0.0,2.1475094836035886
189,10911,0,,inf
190,10913,5626,0.1331318876644152,0.1275453441017109
191,10914,455,0.167032967032967,0.7115357137338826
192,10915,14,0.0,3.1314728881118534
193,10916,4265,0.056271981242672964,0.12974078595769772
194,10917,2134,0.18603561387066536,0.24313604315773493
195,10918,12264,0.2167318982387475,0.08937996354991844
196,10919,1331,0.03531179564237419,0.3661881031194779
197,10920,8877,0.19601216627238927,0.09058862540060347
198,10921,3856,0.17997925311203322,0.11800239463468648
199,10922,1568,0.19005102040816324,0.2835310813102685
200,10923,8796,0.3400409276944065,0.1557897772363004
201,10924,13388,0.17963848222288614,0.056860309174248336
202,10925,4061,0.20733809406550108,0.18461569865234972
203,10926,3108,0.3867438867438867,0.22345818557444713
204,10927,12120,0.567986798679868,0.12588217705437216
205,10928,4004,0.25249750249750247,0.08999062764023527
206,10930,8784,0.12283697632058288,0.09400289144773896
207,10931,887,0.5963923337091319,0.2716101845042489
208,10932,106,0.0,1.4942633866583646
209,10933,927,0.08737864077669899,0.42453926108163215
210,10940,49194,0.430804569662967,0.0501767428500191
211,10941,13242,0.3800030206917384,0.09149568957653932
212,10950,49712,0.12063485677502417,0.03228990244481121
213,10952,41631,0.090197208810742,0.050287600214572965
214,10953,190,0.047368421052631615,1.2129076123439422
215,10954,23226,0.3525359510892965,0.07157984696965397
216,10956,31450,0.2647058823529411,0.04603509420231273
217,10958,3121,0.11855174623518105,0.1902913306033336
218,10960,15357,0.25421631829133295,0.0842722322556636
219,10962,5581,0.2108941049991041,0.1334426363637207
220,10963,4263,0.3755571193994839,0.15514770573802433
221,10964,1367,0.1485003657644477,0.2734321280146992
222,10965,15149,0.11650934055053142,0.07283066778524584
223,10968,2249,0.1991996442863495,0.11916243018303609
224,10969,1403,0.09907341411261583,0.25418919245908544
225,10970,9773,0.4292438350557659,0.13365064861157255
226,10973,2322,0.14254952627045647,0.19770286837559625
227,10974,3208,0.10411471321695764,0.06335593070846059
228,10975,291,0.09621993127147765,0.6970098591232293
229,10976,2699,0.22156354205261208,0.22790386391141235
230,10977,63319,0.4950962586269524,0.05185314121831075
231,10979,283,0.441696113074205,1.3194010819630713
232,10980,13997,0.22026148460384365,0.05396384880816383
233,10983,5674,0.24462460345435322,0.09231881655278228
234,10984,3020,0.20695364238410596,0.2073240540547723
235,10985,38,0.0,0.9676198058342229
236,10986,1696,0.07665094339622647,0.20425226094797871
237,10987,3280,0.09512195121951217,0.07414667633996531
238,10988,711,0.1561181434599156,0.3757352212614185
239,10989,10333,0.2589760960030969,0.124631055858851
240,10990,19678,0.14732188230511234,0.052826076853666706
241,10992,9197,0.18408176579319346,0.10303120914702062
242,10993,4996,0.5202161729383508,0.2369814755347958
243,10994,7652,0.2273915316257188,0.1306618733282089
244,10996,6612,0.1904113732607381,0.08741906687291244
245,10998,2824,0.13137393767705385,0.155369740991907
246,11001,27650,0.292875226039783,0.03988731400746094
247,11003,45480,0.7902154793315743,0.10133636848924497
248,11004,14722,0.5050944165194946,0.12078552212294077
249,11005,1926,0.009865005192107978,0.2711849404526756
250,11010,24539,0.19462895798524793,0.06579894888222106
251,11020,6285,0.6147971360381861,0.18627677422743946
252,11021,17856,0.2377912186379928,0.04543391464462378
253,11023,9825,0.11012722646310436,0.11042566339999461
254,11024,7790,0.11899871630295256,0.09473650411326266
255,11030,17642,0.17634055095794132,0.05563862370090294
256,11040,41381,0.45900292404726806,0.03919399028783152
257,11042,549,0.3916211293260473,0.5664883373497567
258,11050,30450,0.1824630541871921,0.04599129703207967
259,11096,7701,0.6522529541617972,0.17308389047928058
260,11101,26505,0.5172986229013394,0.08541050948627858
261,11102,33750,0.4185777777777778,0.06561107839733915
262,11103,38861,0.3015619773037236,0.053864395906973575
263,11104,26102,0.3366791816719026,0.08332981712130547
264,11105,37297,0.25642813094886985,0.04997904856865711
265,11106,39409,0.4454566215839022,0.07165936154557327
266,11109,4964,0.3595890410958904,0.2136801576362146
267,11201,60061,0.35786949934233525,0.03787205607189937
268,11203,75920,0.9542281348788199,0.16800850030742745
269,11204,79332,0.38957797610043865,0.04402210655751024
270,11205,44818,0.5258155205497791,0.06735461140294334
271,11206,86486,0.540191476077053,0.055007751035279114
272,11207,93251,0.8638298784999625,0.10252597117519478
273,11208,95715,0.7439168364415191,0.07332654407518063
274,11209,67822,0.24369673557252813,0.03677710706500539
275,11210,68435,0.7039526558047783,0.05966395665113356
276,11211,99964,0.23037293425633232,0.034308478490581884
277,11212,86469,0.9435404595866727,0.19471950282000774
278,11213,65434,0.793287893144237,0.09350616458676571
279,11214,91728,0.4747296354439211,0.03760511193037036
280,11215,69965,0.24397913242335456,0.03244277868058635
281,11216,55816,0.7590117529023936,0.07807558122309301
282,11217,38670,0.40778381174036726,0.057717281988064494
283,11218,74831,0.42749662572997826,0.05368963964302848
284,11219,96287,0.3414479628610301,0.04097745204501535
285,11220,101006,0.7384808823238224,0.05991367517035875
286,11221,84034,0.7149844110717091,0.07482806457949437
287,11222,35695,0.1803894102815521,0.04726271428989253
288,11223,79730,0.3666248588987834,0.0448186835581408
289,11224,43444,0.40942362581714387,0.057115632200388164
290,11225,60323,0.7709165658206654,0.08361215199008955
291,11226,101787,0.874404393488363,0.08449086987866787
292,11228,46164,0.4054458019235768,0.04528736115625903
293,11229,82914,0.3178956509154063,0.042689433838023
294,11230,88933,0.3058482228194258,0.03973827171635774
295,11231,36302,0.33100104677428244,0.05663237820886533
296,11232,29387,0.6322183278320346,0.10175577712698573
297,11233,72159,0.9331060574564504,0.12829265638162962
298,11234,95546,0.5734305988738408,0.04142671195808074
299,11235,78237,0.2241139102981965,0.033982091885099826
300,11236,100049,0.9456566282521565,0.10337051866776527
301,11237,53678,0.47574425276649657,0.06767080500596392
302,11238,53992,0.5785116313527929,0.043221785399770625
303,11239,12468,0.6935354507539301,0.1618177840637586
304,11351,0,,inf
305,11354,58551,0.7784153985414425,0.10002135640511145
306,11355,82028,0.8742258740917735,0.083301212112348
307,11356,24405,0.646301987297685,0.1148619095039574
308,11357,39259,0.27741409613082346,0.055729105258250915
309,11358,37461,0.5633325325004672,0.06009541316553881
310,11359,0,,inf
311,11360,19309,0.3424309907297115,0.09483932995574441
312,11361,29322,0.49444103403587747,0.07910207390526568
313,11362,18198,0.48488844928014063,0.10006237428429712
314,11363,7577,0.3950112181602218,0.14310854762630879
315,11364,35068,0.5832667959393179,0.06845841007444049
316,11365,44617,0.6416612501961136,0.09625241198114261
317,11366,14042,0.5333998005982055,0.11815723437290233
318,11367,42663,0.42786489463938304,0.07638374461564838
319,11368,112982,0.584863075534156,0.06665494544488895
320,11369,37823,0.7545408878195807,0.09243516413226684
321,11370,34445,0.602932210770794,0.09887613601344379
322,11371,0,,inf
323,11372,64109,0.38166248108689893,0.06629734377534892
324,11373,96616,0.7026372443487621,0.08216033630522941
325,11374,43158,0.3998795124889939,0.0768985773617282
326,11375,71159,0.3677257971584761,0.0485669222864941
327,11377,90883,0.5108656184324901,0.05243659448026138
328,11378,33270,0.2521190261496844,0.06706340175256852
329,11379,36082,0.18782218280583118,0.05088192402648054
330,11385,103372,0.176798359323608,0.032152844478801165
331,11411,19300,0.9773056994818653,0.3717762187020275
332,11412,37802,0.9773556954658483,0.28717435932089436
333,11413,42699,0.9762757910021312,0.39935163360734044
334,11414,28247,0.20550854958048648,0.08327678791728554
335,11415,19308,0.4004557696291693,0.10231519383324009
336,11416,27144,0.7206749189507811,0.10267114823251342
337,11417,31742,0.620565811858106,0.09982671934806045
338,11418,39908,0.6080234539440714,0.08452406273572004
339,11419,51642,0.882382556833585,0.12999261397232664
340,11420,50549,0.8248432214287127,0.14316522704485435
341,11421,43341,0.5157702867954131,0.07503637394384591
342,11422,33408,0.9337583812260537,0.17563761638769135
343,11423,31823,0.8598183703610596,0.1629220651196716
344,11424,0,,inf
345,11425,0,,inf
346,11426,19991,0.5849132109449252,0.1296436122368247
347,11427,22941,0.7184952704764396,0.11768700935224988
348,11428,19736,0.7741690312119984,0.13732964714787355
349,11429,26739,0.9565054788885149,0.2715566760424999
350,11430,179,0.9106145251396648,2.079572005367437
351,11432,64686,0.7733821847076647,0.1044837507101119
352,11433,34703,0.9573523902832608,0.2748660633564712
353,11434,66279,0.9722536550038474,0.1752604427569087
354,11435,57627,0.7994689989067625,0.09380164785355491
355,11436,20136,0.9273440603893524,0.2962742584121522
356,11451,0,,inf
357,11501,19262,0.2680407019001142,0.04889990057695394
358,11507,7330,0.3758526603001364,0.1208785357701892
359,11509,2329,0.030914555603263172,0.15452736142629245
360,11510,33734,0.49724313748740145,0.07935402627284598
361,11514,4543,0.2509355051727933,0.13382032052106066
362,11516,7724,0.1855256343863283,0.2496507228258017
363,11518,10192,0.038461538461538436,0.06773351497696695
364,11520,43697,0.583770052864041,0.06983343916324633
365,11530,28463,0.09029266064715591,0.02597976006270518
366,11542,27676,0.3347304523775112,0.04511427900935969
367,11545,12694,0.15826374665196152,0.0856347503792638
368,11547,837,0.06093189964157708,0.3959790314510542
369,11548,2858,0.3516445066480056,0.267991698090066
370,11549,2920,0.3253424657534246,0.14029135577397717
371,11550,57679,0.8450042476464571,0.119840526275057
372,11552,24417,0.3989843142073146,0.05890488220213341
373,11553,26160,0.7476299694189603,0.12520196383319587
374,11554,37228,0.24486945309981734,0.05916865262587351
375,11556,14,0.0,1.9192898346492004
376,11557,6972,0.14974182444061968,0.13853687432262402
377,11558,8323,0.15739517001081338,0.06323868648493097
378,11559,8709,0.18727752899299577,0.07437465385608695
379,11560,6354,0.11111111111111116,0.09652992698263443
380,11561,37544,0.17315682932026422,0.03311316235831048
381,11563,22551,0.15476032105006432,0.05049099486075556
382,11565,8640,0.11979166666666663,0.06501274011561176
383,11566,34232,0.07849380696424402,0.03617223862703838
384,11568,4578,0.3304936653560506,0.0915052194818436
385,11569,1229,0.0,0.3785811733285177
386,11570,27463,0.21822087900083753,0.04422102214087256
387,11572,29295,0.08165215907151391,0.043534779323229716
388,11575,16564,0.8753924172905095,0.2649138507297613
389,11576,12663,0.18147358445865913,0.08134112411445608
390,11577,12888,0.24037864680322785,0.10069298303687882
391,11579,5128,0.08073322932917315,0.05189811388290772
392,11580,43219,0.620028228325505,0.07800531805058618
393,11581,21406,0.4124077361487434,0.07901845435299035
394,11590,47134,0.5111596724233038,0.0521377220581403
395,11596,10683,0.21117663577646728,0.04976399431052677
396,11598,13478,0.08888559133402585,0.11032062080899945
397,11691,64946,0.616188833800388,0.07776447702999091
398,11692,19403,0.7408648147193733,0.17034750709847582
399,11693,12021,0.42508942683636963,0.11927673019324433
400,11694,21219,0.18257222300768183,0.07810261120834971
401,11697,3928,0.03869653767820769,0.15967569594460057
402,11701,28139,0.5945484914176055,0.10129574937944871
403,11702,13906,0.09535452322738391,0.05581350891476714
404,11703,16508,0.16737339471771262,0.05737883596247368
405,11704,40257,0.2473110266537497,0.04903978955077195
406,11705,7499,0.06414188558474465,0.07297977818050289
407,11706,67959,0.46798805161935875,0.06017196723203431
408,11709,6745,0.03602668643439588,0.0181341926786352
409,11710,33525,0.08894854586129752,0.046132632010833174
410,11713,9176,0.3415431560592851,0.1404523875081746
411,11714,21438,0.06502472245545299,0.058302830723361634
412,11715,4463,0.007842258570468275,0.1194549706651079
413,11716,9998,0.04560912182436483,0.08614971857868281
414,11717,61568,0.4544081340956341,0.06186393574962027
415,11718,3092,0.07082794307891338,0.041115234734452
416,11719,3787,0.11988381304462636,0.2085344082282022
417,11720,28823,0.10252229122575718,0.05326098687626492
418,11721,5995,0.025688073394495414,0.0998042305541566
419,11722,35668,0.49086015476056966,0.10344427553565338
420,11724,3243,0.13228492136910264,0.16378303914145226
421,11725,29444,0.10229588371145226,0.035003683398906
422,11726,21688,0.4466986351899668,0.12851762405605366
423,11727,30282,0.2691367809259626,0.07859328250723799
424,11729,27311,0.29153088499139546,0.05681464920245578
425,11730,14168,0.038184641445511036,0.09388895380973807
426,11731,29743,0.07215143058870999,0.046756791589130105
427,11732,3856,0.05031120331950212,0.16033822999496603
428,11733,17136,0.15797152194211017,0.060192106474936675
429,11735,33596,0.16945469698773663,0.04283943369495268
430,11738,17067,0.10675572742719863,0.09473580668203303
431,11739,1119,0.05451295799821265,0.24860493548523063
432,11740,8953,0.12811348151457613,0.09713182669273927
433,11741,27243,0.07330323385823878,0.05051243608363375
434,11742,13132,0.10638135851355468,0.08445643910385736
435,11743,42531,0.1490677388257976,0.04549310845767585
436,11746,70005,0.29879294336118845,0.04701392341765027
437,11747,19061,0.12213420072399139,0.06470745907042187
438,11749,3349,0.3657808300985369,0.12265553685580623
439,11751,14313,0.08956892335638933,0.07261291460810523
440,11752,9456,0.08058375634517767,0.08284610526449647
441,11753,12015,0.3385767790262172,0.08160882264577664
442,11754,18357,0.06896551724137934,0.06250493316542292
443,11755,12430,0.09774738535800487,0.03718059609910982
444,11756,42654,0.14964598865288137,0.037832669456878014
445,11757,44701,0.10961723451376926,0.03637638099262987
446,11758,54929,0.1092501228859073,0.03303224575947052
447,11762,22951,0.033201167705110834,0.03034740759547343
448,11763,28654,0.16242060445313045,0.0744827100596543
449,11764,13030,0.07735993860322332,0.08688956703509494
450,11765,750,0.11333333333333329,0.24116925494628697
451,11766,12478,0.09128065395095364,0.13062769700718752
452,11767,15347,0.06763536847592366,0.08322199919297696
453,11768,21375,0.05253801169590644,0.04791492996581029
454,11769,8686,0.04052498273083127,0.08003257546823064
455,11770,65,0.07692307692307687,0.44153406889026753
456,11771,9458,0.11799534785366883,0.13235703003121127
457,11772,45243,0.09484340118913426,0.04786798792415975
458,11776,26327,0.125080715615148,0.09058475719216641
459,11777,8958,0.12681402098682737,0.048152644353760654
460,11778,12354,0.04476282985267932,0.09958797698762263
461,11779,38084,0.1287417288099989,0.04443786347457005
462,11780,15609,0.08245243128964064,0.0627336484895302
463,11782,15346,0.049719796689691176,0.047996382253689664
464,11783,21823,0.030289144480593833,0.055541879922104964
465,11784,26230,0.09561570720548984,0.07295078172960778
466,11786,6017,0.059664284527172984,0.1108077452242023
467,11787,36040,0.07580466148723641,0.04230357706076123
468,11788,16007,0.13550321734241266,0.0617376198483067
469,11789,8202,0.014508656425262112,0.11889546351930129
470,11790,18365,0.28341954805336234,0.07006379186739173
471,11791,25404,0.2780664462289403,0.04428219176799635
472,11792,8807,0.029181333030543932,0.10250271125256001
473,11793,31642,0.05644396687946396,0.03985177906761857
474,11794,2983,0.6687898089171975,0.17554192482884304
475,11795,25301,0.050630409865222714,0.04505430148086529
476,11796,4065,0.04083640836408364,0.16800176094784944
477,11797,8665,0.13410271206001156,0.07620132999704068
478,11798,14242,0.7839488835837664,0.18177103084158058
479,11801,40713,0.3021148036253777,0.05084526439483363
480,11803,28231,0.16524388084021113,0.040367382541646554
481,11804,4688,0.08404436860068254,0.1014925234126329
482,11901,29688,0.24727162489894905,0.06750587908204322
483,11930,1244,0.026527331189710623,0.34170883416685854
484,11931,34,0.0,2.246103893180798
485,11932,914,0.19584245076586437,0.41058725882477
486,11933,7386,0.18196588139723802,0.16460768980671947
487,11934,8079,0.06089862606758267,0.1291260762310906
488,11935,3186,0.03578154425612057,0.15610592853127883
489,11937,15757,0.08212223138922381,0.05748705750494288
490,11939,911,0.03841931942919863,0.2358316604543513
491,11940,5186,0.03548013883532586,0.12685388612828777
492,11941,2053,0.013151485630784165,0.3075258345573529
493,11942,4501,0.0677627193956899,0.1485968059111258
494,11944,4208,0.0960076045627376,0.142690336704087
495,11946,13693,0.06032279266778651,0.0891007659514849
496,11947,105,0.0,1.387276161185036
497,11948,1191,0.0,0.661391229422178
498,11949,15092,0.054996024383779485,0.09426693446468688
499,11950,16324,0.2251899044351875,0.11489914674604121
500,11951,13959,0.1478615946701053,0.07392276132740332
501,11952,4831,0.045539225833160835,0.1638786653567314
502,11953,13305,0.2311161217587373,0.06987946188503064
503,11954,3510,0.06780626780626786,0.17769335751233
504,11955,3294,0.18518518518518523,0.2639903036888277
505,11956,250,0.028000000000000025,0.43321573023427984
506,11957,717,0.02789400278940024,0.26807179861659386
507,11958,531,0.0,0.4980375445645363
508,11959,815,0.07239263803680984,0.36627077722102686
509,11960,490,0.0,0.39540256743900826
510,11961,12850,0.11291828793774317,0.08617234250687644
511,11962,491,0.020366598778004064,0.9254965436136001
512,11963,6710,0.09284649776453058,0.1654279608778335
513,11964,2263,0.05700397702165272,0.23183280794433958
514,11965,581,0.018932874354561147,0.8958565979836745
515,11967,26107,0.15666296395602708,0.08068304056223376
516,11968,10702,0.15707344421603442,0.09711927160391826
517,11970,111,0.0,1.2995475978563578
518,11971,6327,0.018334123597281482,0.11070954527943966
519,11972,1355,0.20664206642066418,0.3760847037264279
520,11973,41,0.6341463414634146,1.2245359936572082
521,11975,308,0.14610389610389607,0.5372169332954838
522,11976,2344,0.08532423208191131,0.288221602209751
523,11977,2148,0.05912476722532589,0.20993983625376048
524,11978,3122,0.07463164638052533,0.14817023111458702
525,11980,5620,0.1295373665480427,0.13519032371813391
526,12007,0,,inf
527,12008,570,0.10175438596491226,0.4548955103102337
528,12009,8073,0.06639415335067511,0.08416711882015138
529,12010,28787,0.16872199256608889,0.038813289025069975
530,12015,3013,0.02987056090275475,0.20421246592124676
531,12017,340,0.06470588235294117,0.46248019170566396
532,12018,7466,0.01768015001339407,0.12375678528934908
533,12019,14336,0.0655691964285714,0.07015017145013171
534,12020,33044,0.04412298753177579,0.027460448254733046
535,12022,819,0.013431013431013383,0.2216550923249515
536,12023,2133,0.025316455696202556,0.18538423133146853
537,12024,23,0.0,2.398014301415248
538,12025,5456,0.03170821114369504,0.09633662195486628
539,12027,3901,0.03819533452960777,0.12201828996625673
540,12028,924,0.0670995670995671,0.3636836794497172
541,12029,1114,0.07719928186714542,0.33197066023002314
542,12031,184,0.0,0.48421442624730976
543,12032,818,0.0317848410757946,0.2539849483513343
544,12033,7885,0.04337349397590362,0.1232559971603673
545,12035,793,0.022698612862547263,0.38514417125219275
546,12036,284,0.035211267605633756,0.45886955865273077
547,12037,4288,0.06856343283582089,0.18475015537686987
548,12040,146,0.0,0.9105210607059654
549,12041,453,0.0,0.49637959474022547
550,12042,159,0.0,0.6670818690439128
551,12043,8435,0.08085358624777716,0.05141978099131394
552,12045,343,0.026239067055393583,0.5891414797949126
553,12046,966,0.0,0.3337895364607305
554,12047,20363,0.10155674507685508,0.04797414719183795
555,12051,6432,0.26539179104477617,0.08359831806355765
556,12052,1560,0.060256410256410264,0.2066320984389008
557,12053,4828,0.04101077050538526,0.18325959327234062
558,12054,17177,0.08278511963672353,0.0658829510609902
559,12056,2400,0.026249999999999996,0.2765119437359907
560,12057,2115,0.023640661938534313,0.239258000857589
561,12058,1668,0.06894484412470026,0.32839736458572044
562,12059,1611,0.03165735567970207,0.15218830578582693
563,12060,1396,0.07879656160458448,0.2228448289587147
564,12061,9969,0.1019159394121778,0.11548694938395367
565,12062,1736,0.04320276497695852,0.2366767142137624
566,12063,495,0.016161616161616155,0.642324133405643
567,12064,410,0.07073170731707312,0.4517319290677919
568,12065,43206,0.11412766745359437,0.026427958638102943
569,12066,1876,0.013326226012793208,0.21250685486835777
570,12067,1531,0.007838014369693003,0.2564158720205932
571,12068,2993,0.09154694286668896,0.1829876008127255
572,12069,179,0.0,1.082386916453151
573,12070,1578,0.025348542458808576,0.29866961430635625
574,12071,364,0.016483516483516536,0.619027399297793
575,12072,2843,0.05557509672880756,0.11488085210338222
576,12074,2694,0.03229398663697103,0.17741942118421872
577,12075,2886,0.07969507969507972,0.2500808695389145
578,12076,1506,0.02058432934926957,0.16748438906006088
579,12077,6579,0.10153518771849823,0.14871482135225494
580,12078,23554,0.05111658317058676,0.029592636757222943
581,12083,3673,0.015790906615845368,0.15523529419055598
582,12084,4740,0.3643459915611814,0.1756045150652698
583,12085,520,0.11923076923076925,0.532263461153137
584,12086,1587,0.010712035286704502,0.26116830877879066
585,12087,1084,0.008302583025830312,0.347189274262417
586,12089,128,0.0,1.1269514325160601
587,12090,6262,0.025550942190993298,0.0653539056475542
588,12092,721,0.05270457697642161,0.4624453120493764
589,12093,1743,0.025817555938037917,0.18455332856211254
590,12094,2481,0.0,0.2878588669884776
591,12095,12370,0.09620048504446244,0.07692032253398287
592,12106,2432,0.014802631578947345,0.19303352048736017
593,12108,307,0.04234527687296419,0.3204845842219034
594,12110,22471,0.2044412798718348,0.06564672193880361
595,12115,225,0.0,0.6788225099390857
596,12116,1901,0.017359284587059487,0.21275888283113292
597,12117,3492,0.009736540664375681,0.12983205047893415
598,12118,14195,0.07178584008453681,0.07484396097824751
599,12120,535,0.024299065420560706,0.28900942559598275
600,12121,1854,0.03721682847896435,0.2553993523213268
601,12122,4562,0.011836913634370894,0.09059755515717967
602,12123,5159,0.05660011630160888,0.14370115864398073
603,12124,615,0.003252032520325243,0.4007722132518161
604,12125,1491,0.10663983903420526,0.24174200726608236
605,12130,970,0.0,0.5117411962813982
606,12131,135,0.0,0.544734112914081
607,12132,319,0.2915360501567398,0.8571365442328641
608,12134,3714,0.024501884760366188,0.08429586405236467
609,12136,716,0.04748603351955305,0.4400867764427581
610,12137,1904,0.05934873949579833,0.2982108016030117
611,12138,3327,0.010219416892094935,0.15937236583914352
612,12139,278,0.017985611510791366,0.5468124946548516
613,12140,1464,0.006147540983606592,0.27228480833544266
614,12143,4790,0.07849686847599169,0.07885324531053974
615,12144,19622,0.14437875853633675,0.05407730198020461
616,12147,591,0.04399323181049064,0.39635261267339883
617,12148,4449,0.05709148123173746,0.14376160875712135
618,12149,2425,0.05195876288659795,0.14019495224615708
619,12150,890,0.0,0.5227823168772453
620,12151,660,0.009090909090909038,0.2679885869001938
621,12153,1038,0.00674373795761074,0.3711565405181671
622,12154,2639,0.07275483137552108,0.19079326490348672
623,12155,1980,0.022727272727272707,0.23010456871846352
624,12156,1132,0.004416961130742081,0.569696236760219
625,12157,3951,0.03821817261452798,0.13227114438673088
626,12158,7090,0.03695345557122709,0.12041968840820032
627,12159,7968,0.11759538152610438,0.11166786051299053
628,12160,946,0.014799154334038,0.2869082696568796
629,12161,77,0.0,1.8733738098968271
630,12164,417,0.031175059952038398,0.4050097493934009
631,12165,156,0.0,0.6164520656498107
632,12166,1250,0.034399999999999986,0.18650901096774597
633,12167,2946,0.0417515274949084,0.145457026867615
634,12168,2054,0.0,0.1480311177751779
635,12169,219,0.04109589041095896,0.656313674831051
636,12170,4915,0.028077314343845416,0.1734760921246385
637,12172,294,0.0,0.7215375318230077
638,12173,1816,0.03854625550660795,0.1727406066362523
639,12174,322,0.009316770186335366,0.6354241628090969
640,12175,573,0.0680628272251309,0.39484574777845044
641,12176,294,0.1428571428571429,0.757801450611407
642,12177,420,0.0,0.6667006794044591
643,12180,53168,0.22633915136924465,0.02628736933884535
644,12182,14955,0.19846205282514207,0.08221255707032174
645,12183,2613,0.07883658629927282,0.0572457489298254
646,12184,6800,0.07191176470588234,0.11289856098356735
647,12185,2404,0.002911813643926786,0.23830434708492457
648,12186,6407,0.04276572498829401,0.0685619209357842
649,12187,391,0.007672634271099765,0.4157587813264868
650,12188,10944,0.06140350877192979,0.047969207274931175
651,12189,17749,0.2033353991774185,0.06957543725239522
652,12190,1028,0.005836575875486361,0.28422608516650094
653,12192,2018,0.044598612487611544,0.27602637456610074
654,12193,1945,0.0323907455012854,0.17120474182309559
655,12194,138,0.0,0.3689252771408074
656,12195,170,0.0,0.582323231565392
657,12196,3522,0.04060193072118112,0.18906250528344584
658,12197,2265,0.052980132450331174,0.171370192364806
659,12198,8307,0.05681954977729631,0.10021674622997974
660,12202,9076,0.7677390921110622,0.17364911626322987
661,12203,30625,0.22991020408163265,0.05039134555365581
662,12204,7196,0.49082823790995,0.106087680231861
663,12205,27196,0.1644359464627151,0.05314060134791311
664,12206,15591,0.6534539157206081,0.1430870233299342
665,12207,1417,0.625970359915314,0.3495789932750551
666,12208,21898,0.2741346241665905,0.06986620577318074
667,12209,11742,0.47462101856583205,0.16078368577629515
668,12210,9005,0.5528039977790117,0.14218830688652037
669,12211,11401,0.15551267432681348,0.08688815738745413
670,12222,6217,0.32395045842046,0.14891516547443678
671,12302,27560,0.05341074020319303,0.022336479162559097
672,12303,29130,0.2494335736354274,0.061423698589784456
673,12304,23964,0.3806125855449841,0.09050409967567362
674,12305,4883,0.32111406921974195,0.13666909792851203
675,12306,25098,0.08203840943501473,0.050137944767959484
676,12307,6615,0.6769463340891912,0.321540700825071
677,12308,14575,0.32967409948542026,0.10442255601677933
678,12309,29912,0.15542257288044936,0.04068784766516845
679,12401,34661,0.2304030466518565,0.04082652452927341
680,12404,3576,0.12863534675615218,0.22130550516415
681,12405,559,0.0,0.4882705143792618
682,12406,945,0.03492063492063491,0.35495905607395134
683,12407,164,0.060975609756097615,0.6803976120479434
684,12409,700,0.04428571428571426,0.39996058161449377
685,12410,504,0.0,0.4714045207910317
686,12411,355,0.0,0.6533268288146129
687,12412,520,0.1942307692307692,0.6865655512926675
688,12413,2910,0.06838487972508589,0.21799641026915625
689,12414,10193,0.18218385166290596,0.09999792042302877
690,12416,168,0.5,0.973810251484185
691,12417,614,0.254071661237785,0.6055773505821667
692,12418,439,0.0546697038724373,0.5368445054822031
693,12419,641,0.12012480499219969,0.4620395796076059
694,12420,424,0.061320754716981174,0.5800267248933065
695,12421,324,0.015432098765432056,0.4751132772611914
696,12422,353,0.0,0.5087963807971192
697,12423,1109,0.05500450856627592,0.2488234977099561
698,12424,225,0.0,0.5531146377281438
699,12427,593,0.038785834738617186,0.5696374036658626
700,12428,6860,0.2612244897959184,0.11997412693168794
701,12429,334,0.0,1.2025049452513743
702,12430,1036,0.08301158301158296,0.3321385539096655
703,12431,1272,0.0,0.3613360123987861
704,12432,615,0.0,0.5104966030029708
705,12433,543,0.16022099447513816,0.43666710215896454
706,12434,550,0.1327272727272727,0.45255845422656765
707,12435,366,0.0,0.6452832374762483
708,12436,233,0.0,0.8072549519125392
709,12438,52,0.34615384615384615,1.1745268706652143
710,12439,333,0.018018018018018056,0.49071580225155487
711,12440,2127,0.04983544898918668,0.27608871213427644
712,12441,30,0.0,1.0370899457402696
713,12442,667,0.026986506746626726,0.4203291795831552
714,12443,3674,0.05688622754491013,0.11379048170854829
715,12444,380,0.013157894736842146,0.39903226117714036
716,12446,4837,0.05251188753359526,0.14515082134361418
717,12448,465,0.0,0.5656854249492381
718,12449,3315,0.17073906485671186,0.1451054601161276
719,12450,170,0.0,1.3310245292923248
720,12451,1861,0.018269747447608786,0.3911381504893556
721,12452,248,0.0,0.6386770926846236
722,12453,302,0.0,1.063001584962558
723,12454,301,0.09634551495016608,0.4095212653920825
724,12455,1877,0.030367607884922765,0.19817994834907035
725,12456,716,0.07681564245810057,0.4124454246159858
726,12457,802,0.04738154613466339,0.4140649244025444
727,12458,2991,0.34804413239719156,0.23906611106713105
728,12459,157,0.0,1.1169584823838459
729,12460,344,0.0,0.6331072343181879
730,12461,1811,0.09497515184980676,0.2767849662569977
731,12463,1398,0.1595135908440629,0.35361995866576534
732,12464,808,0.16831683168316836,0.4093985992666262
733,12465,296,0.0,0.5159968403253185
734,12466,2260,0.06150442477876106,0.17468598757811477
735,12468,1133,0.003530450132391838,0.21319458831602311
736,12469,776,0.012886597938144284,0.286192099357864
737,12470,474,0.35654008438818563,0.8399135238582204
738,12471,495,0.0,0.9028110822422183
739,12472,1419,0.09584214235377031,0.2841163705409739
740,12473,1126,0.006216696269982225,0.40316698409689233
741,12474,1250,0.008000000000000007,0.26296309478625124
742,12475,165,0.0,0.874241111285186
743,12477,18722,0.0811879072748638,0.04255917697213327
744,12480,798,0.10651629072681701,0.41337151190693616
745,12481,1361,0.03967670830271863,0.3518746387193184
746,12482,547,0.05667276051188297,0.6600777776028123
747,12483,243,0.012345679012345734,0.6676177058454636
748,12484,2703,0.12245652978172406,0.2198546567208059
749,12485,1164,0.15378006872852235,0.384424787534332
750,12486,1584,0.022095959595959558,0.2676851136341254
751,12487,3299,0.04152773567747803,0.1900688699877487
752,12489,1101,0.5495004541326067,0.4462537145903439
753,12490,31,0.0,2.3266094090654144
754,12491,1561,0.01985906470211407,0.25487179326545767
755,12492,299,0.0,0.5486581044658162
756,12493,310,0.03870967741935483,0.9912863330176017
757,12494,660,0.0,0.5635426771274606
758,12495,334,0.08982035928143717,0.6182726379970435
759,12496,1621,0.01172115977791488,0.19965423359653744
760,12498,4836,0.09325889164598844,0.11664824332596202
761,12501,2700,0.10370370370370374,0.2031862013114481
762,12502,1169,0.1035072711719418,0.20070332077658792
763,12503,645,0.051162790697674376,0.2668608107424642
764,12504,1443,0.20235620235620233,0.14055057201756385
765,12507,253,0.18181818181818177,0.3702687792864618
766,12508,19604,0.31126300754947966,0.05504436480230663
767,12512,35,0.0,1.979898987322333
768,12513,511,0.0,0.5479731611543499
769,12514,3184,0.07788944723618085,0.16609752970530986
770,12515,1307,0.14996174445294563,0.3911786777943626
771,12516,1913,0.02979613173026663,0.26199516949357454
772,12517,656,0.15243902439024393,0.6275596953741962
773,12518,6310,0.06275752773375598,0.10117679389972888
774,12520,2984,0.05898123324396787,0.04198426802034952
775,12521,1180,0.017796610169491522,0.34707604954708704
776,12522,4828,0.054473902236951144,0.16860256850139785
777,12523,1519,0.049374588545095466,0.23637748044459614
778,12524,16193,0.2559130488482678,0.06641843588019687
779,12525,2872,0.045612813370473515,0.2144443135483414
780,12526,3690,0.06449864498644986,0.09834954415763748
781,12527,270,0.2148148148148148,1.7769567934579014
782,12528,13139,0.10472638709186388,0.06669160737625451
783,12529,2778,0.010799136069114423,0.2198327912988803
784,12530,107,0.0,1.4538644099162659
785,12531,3862,0.07586742620403941,0.21317922745350817
786,12533,25774,0.11402964227516099,0.05203973090788087
787,12534,18078,0.2141829848434561,0.05790795623852211
788,12538,13985,0.13500178762960313,0.08375711902295127
789,12540,7677,0.07672267812947764,0.1209829718540718
790,12542,5746,0.07170205360250614,0.12206942800897265
791,12543,3199,0.25601750547045954,0.07649528134888206
792,12545,4740,0.1314345991561181,0.11516571193805872
793,12546,2934,0.09781867757327878,0.12783873495315357
794,12547,2873,0.017751479289940808,0.20984170158271578
795,12548,1419,0.14023960535588442,0.45021560644984543
796,12549,11156,0.08596271064897809,0.09531880954355103
797,12550,54612,0.4560536145902,0.047029286664767626
798,12553,26029,0.27649928925429323,0.06006725767640321
799,12561,18618,0.13046514126114517,0.055347679072370495
800,12563,8155,0.1313304721030043,0.09964273850418671
801,12564,6867,0.11693607106451143,0.08826764198303726
802,12565,1379,0.10877447425670772,0.3534297012191962
803,12566,10434,0.10178263369752727,0.17004898254898518
804,12567,3162,0.026565464895635715,0.1457733518337296
805,12569,10100,0.1087128712871287,0.08110163199274069
806,12570,7825,0.07169329073482433,0.06945448098411457
807,12571,9931,0.08700030208438225,0.060593627343143955
808,12572,8925,0.07193277310924373,0.05055318132617018
809,12574,181,0.09392265193370164,0.9852712979662073
810,12575,1884,0.20382165605095537,0.3455578757866567
811,12577,1696,0.1362028301886793,0.36809315335297305
812,12578,2123,0.06264719736222324,0.21365887798932
813,12580,4287,0.1005365057149522,0.18603455210377678
814,12581,2145,0.03869463869463874,0.2004943990694184
815,12582,6272,0.32669005102040816,0.16531705693862475
816,12583,2467,0.09201459262261857,0.21991876337376418
817,12585,901,0.047724750277469474,0.2894134266776926
818,12586,12729,0.19907298295231357,0.0985841474073846
819,12589,17463,0.17116188512855757,0.09928542464518492
820,12590,34400,0.21127906976744182,0.04464115939823091
821,12592,1150,0.12086956521739134,0.3573754040796175
822,12594,4380,0.18127853881278544,0.16614973561630209
823,12601,42555,0.44100575725531665,0.058014723192574294
824,12603,42943,0.24788673357706725,0.041605479165103876
825,12604,644,0.30434782608695654,0.40612362563608084
826,12701,11061,0.4156043757345629,0.0819986600571053
827,12719,1305,0.04137931034482756,0.26976462680604113
828,12720,254,0.0,1.0690118266757254
829,12721,6516,0.11510128913443829,0.13888511911287563
830,12722,101,0.0,1.5682368216414522
831,12723,1921,0.15356585111920873,0.20956955150533796
832,12724,328,0.13109756097560976,0.8732405661005621
833,12725,183,0.10382513661202186,0.47855923281933194
834,12726,1256,0.12181528662420382,0.2721077450757039
835,12729,2253,0.07678650687971589,0.27444974392536436
836,12732,784,0.042091836734693855,0.39828272638413464
837,12733,1879,0.2794039382650346,0.4523616128597803
838,12734,1032,0.0,0.36314592444657967
839,12736,96,0.0,0.736569563735987
840,12737,2074,0.07328833172613303,0.17396604589569087
841,12738,406,0.022167487684729092,0.7838275429223536
842,12740,1673,0.0346682606096832,0.23699826477669814
843,12741,220,0.013636363636363669,0.5372449604346919
844,12742,73,0.06849315068493156,1.0630845284268775
845,12743,266,0.011278195488721776,0.46515917923333044
846,12745,181,0.0,0.6719467754921888
847,12746,1271,0.0,0.3115498013095725
848,12747,1552,0.2139175257731959,0.3436303361005483
849,12748,1524,0.03149606299212604,0.30601704946248875
850,12749,314,0.0,0.6935951866415816
851,12750,276,0.1340579710144928,0.5743502134645758
852,12751,1121,0.24799286351471905,0.4278752503524591
853,12752,235,0.021276595744680882,0.4562770503457183
854,12754,6560,0.16463414634146345,0.10211702549889018
855,12758,4320,0.13703703703703707,0.1961296537356122
856,12759,1482,0.30094466936572195,0.4201117775387958
857,12760,403,0.01488833746898266,0.4349073645345977
858,12762,413,0.0,0.6574552154373711
859,12763,586,0.059726962457337884,0.44682370495789037
860,12764,1555,0.08038585209003213,0.15459871346729928
861,12765,1230,0.07723577235772361,0.357131423818074
862,12766,364,0.0,0.7071067811865476
863,12767,86,0.0,0.8879945624203155
864,12768,697,0.050215208034433245,0.5281783185237959
865,12769,188,0.0,0.8951670953319059
866,12770,166,0.0,0.5963551166633534
867,12771,14061,0.21904558708484456,0.07561763661171136
868,12775,2354,0.12659303313508918,0.1955849288528962
869,12776,2327,0.05672539750752037,0.21485200603703114
870,12777,857,0.03967327887981331,0.26687541705242307
871,12778,634,0.06624605678233442,0.7648202308263898
872,12779,2274,0.476693051890941,0.43890382072996315
873,12780,2064,0.11434108527131781,0.2512137481462202
874,12781,281,0.1779359430604982,0.9126613884441941
875,12783,2044,0.18052837573385516,0.29742564293761226
876,12784,38,0.0,1.6002942942642917
877,12785,939,0.004259850905218299,0.4822218310954582
878,12786,450,0.18666666666666665,0.688974153787579
879,12787,244,0.020491803278688492,0.749682967968279
880,12788,3038,0.33805134957208693,0.2724171150289696
881,12789,2059,0.20106847984458476,0.28581147106800836
882,12790,4397,0.09392767796224699,0.17848662306716753
883,12791,869,0.13118527042577677,0.4421647349517879
884,12792,227,0.008810572687224627,0.9042248983786028
885,12801,14422,0.06219664401608649,0.015447707801249204
886,12803,8386,0.027903648938707337,0.06050544109262002
887,12804,26477,0.038599539222721635,0.017691493103805127
888,12808,399,0.0,0.3579838842097308
889,12809,3385,0.012998522895125597,0.060145396609776254
890,12810,728,0.01098901098901095,0.22758667737615057
891,12811,68,0.044117647058823484,1.6813259633835194
892,12812,81,0.0,0.8380524814062785
893,12814,1222,0.0957446808510638,0.30579464228240294
894,12815,1084,0.053505535055350606,0.23128575801619894
895,12816,4306,0.03065490013934047,0.10644914537031962
896,12817,2281,0.0,0.2436588908428875
897,12819,330,0.027272727272727226,0.3281893495645562
898,12821,2940,0.6190476190476191,0.22086371690531506
899,12822,6382,0.03525540582889375,0.05113426469893672
900,12823,386,0.0,1.0111993347538193
901,12824,1165,0.007725321888412018,0.22545059021559297
902,12827,3754,0.04022376132125738,0.1508011840335663
903,12828,8762,0.016092216388952307,0.09022278023961748
904,12831,17438,0.03962610391099897,0.06267860985103971
905,12832,6798,0.03751103265666378,0.07777621857996286
906,12833,4182,0.053562888570062195,0.1317032321805628
907,12834,6287,0.02831239064736757,0.08683200837247478
908,12835,2257,0.03234381922906515,0.11430654161323632
909,12836,605,0.02148760330578514,0.24928142174258386
910,12837,1018,0.014734774066797685,0.48636302314384516
911,12838,523,0.003824091778202643,0.29665927726235436
912,12839,13525,0.054861367837338304,0.047990515619988565
913,12841,106,0.0,0.4669573083307389
914,12842,933,0.10075026795284026,0.37843601680908706
915,12843,451,0.0665188470066519,0.3955119157495899
916,12844,238,0.0672268907563025,0.6406322447171195
917,12845,4725,0.0323809523809524,0.07197480584126438
918,12846,3273,0.0033608310418575815,0.02295837785802368
919,12847,425,0.028235294117647025,0.3158649302656677
920,12849,265,0.02264150943396226,0.9771870312181061
921,12850,3221,0.0344613474076374,0.17120361956357125
922,12851,227,0.008810572687224627,0.3034900860077672
923,12852,474,0.016877637130801704,0.21065043729730884
924,12853,1347,0.023014105419450592,0.33308340092624794
925,12855,198,0.005050505050505083,0.2685661376407105
926,12856,131,0.0,0.9608015805435531
927,12857,608,0.0,0.4605498114307119
928,12858,66,0.0,0.8356716504931926
929,12859,2212,0.022603978300180794,0.25780040055492487
930,12860,578,0.04671280276816614,0.5110637935088295
931,12861,771,0.0,0.1779231070689886
932,12862,5,0.0,1.979898987322333
933,12863,554,0.0,0.3778043451827041
934,12864,18,0.0,1.4927809825049336
935,12865,3769,0.045635447068187895,0.10712738252439755
936,12866,38422,0.07386393212222164,0.030023753405018585
937,12870,1044,0.06130268199233713,0.4914344818785861
938,12871,4249,0.06425041186161451,0.11684317310952853
939,12872,44,0.045454545454545414,1.464061727972699
940,12873,716,0.0027932960893854997,0.26702012741512465
941,12874,159,0.018867924528301883,0.37711079489951077
942,12878,716,0.05307262569832405,0.24237556055706247
943,12883,4971,0.020116676725005056,0.015466377152778089
944,12884,373,0.04557640750670244,0.3801729408476684
945,12885,4531,0.017656146546016327,0.07982637525701022
946,12886,216,0.03703703703703709,0.6674382056264713
947,12887,4788,0.019632414369256446,0.044648377789560455
948,12901,33544,0.09632124970188405,0.03297965639055223
949,12903,1019,0.04121687929342488,0.22614055904818953
950,12910,2181,0.15084823475469966,0.1575811138376262
951,12911,27,0.0,1.9903746433399117
952,12912,2280,0.01622807017543859,0.2539148106847596
953,12913,1219,0.012305168170631653,0.22764135237789473
954,12914,1109,0.2443642921550947,0.4379261003638807
955,12916,2206,0.05303717135086128,0.20777091658170563
956,12917,1190,0.020168067226890796,0.18010616037027574
957,12918,2252,0.04440497335701599,0.24185596842079482
958,12919,3046,0.04202232435981612,0.12773044231972538
959,12920,2631,0.060053211706575405,0.1434070907312331
960,12921,2555,0.0606653620352251,0.20166285041980309
961,12922,42,0.2142857142857143,0.7899691597789895
962,12923,595,0.005042016806722671,0.2728339916451856
963,12924,106,0.0,0.7071067811865476
964,12926,2024,0.02075098814229248,0.14652208033674516
965,12927,214,0.0,0.3832915262506519
966,12928,1859,0.03926842388380847,0.15090723774138698
967,12929,3999,0.5016254063515879,0.12961791716312743
968,12930,774,0.03746770025839796,0.2346317122721726
969,12932,1327,0.04596834966088925,0.23670487522406344
970,12933,21,0.0,1.1448395504925055
971,12934,1030,0.03203883495145632,0.2246713200152581
972,12935,1373,0.015294974508375803,0.23252261261845536
973,12936,568,0.029929577464788748,0.38050496619522334
974,12937,1688,0.25296208530805686,0.16486514744013542
975,12939,248,0.0,0.3877682348442357
976,12941,1538,0.01820546163849157,0.19673791374813862
977,12942,872,0.05160550458715596,0.2632260731594636
978,12943,230,0.008695652173912993,0.5527680564501548
979,12944,4417,0.04120443740095092,0.111960488459509
980,12945,532,0.0,0.4093776101606328
981,12946,5159,0.07753440589261484,0.12741881040088957
982,12950,801,0.101123595505618,0.2334394129007894
983,12952,578,0.40484429065743943,0.5927538968586044
984,12953,15517,0.21795450151446805,0.024242680492221003
985,12955,426,0.1220657276995305,0.3668516387752378
986,12956,1228,0.08713355048859939,0.4121045672244695
987,12957,1755,0.052991452991453025,0.2538124299277226
988,12958,2071,0.03911154031868658,0.25148558684191985
989,12959,1324,0.0166163141993958,0.3882945038720518
990,12960,1335,0.02097378277153561,0.34792074729747485
991,12961,361,0.11357340720221609,0.7343022053342205
992,12962,5553,0.022510354763191076,0.12588989603364178
993,12964,190,0.015789473684210575,0.8293559518189968
994,12965,560,0.010714285714285676,0.40877459441775443
995,12966,3164,0.02149178255372941,0.15881358709040283
996,12967,1178,0.02971137521222411,0.2596555431312027
997,12969,429,0.046620046620046596,0.41550588996344706
998,12970,952,0.134453781512605,0.22815293154279367
999,12972,5702,0.03402314977200982,0.1577948568569098
1000,12973,191,0.0,0.577532240131421
1001,12974,1444,0.042243767313019376,0.23084714706991763
1002,12975,290,0.01379310344827589,0.6188508760423689
1003,12976,184,0.010869565217391353,0.49080379838588095
1004,12977,1750,0.6405714285714286,0.3974118010851539
1005,12978,375,0.0,0.9428090415820634
1006,12979,2187,0.019204389574759895,0.1632517290900584
1007,12980,1309,0.009931245225362817,0.2367197175636961
1008,12981,2366,0.006339814032121693,0.2104759375847256
1009,12983,7520,0.04933510638297878,0.07623972311147588
1010,12985,1278,0.08059467918622853,0.4288699467683673
1011,12986,6157,0.05749553353906123,0.03524046622531871
1012,12987,243,0.03292181069958844,0.5770791271040263
1013,12989,953,0.05561385099685201,0.18105896684575065
1014,12992,4831,0.011798799420409845,0.1519536352248219
1015,12993,1508,0.04840848806366049,0.21285506921506558
1016,12996,2030,0.041871921182266014,0.14904674803134918
1017,12997,1336,0.0359281437125748,0.19960338095186372
1018,12998,371,0.13477088948787064,0.7097490902601555
1019,13020,60,0.0,1.0370899457402696
1020,13021,38756,0.08677366085251315,0.014087540244258042
1021,13024,1707,0.6315172817809022,0.24159999412371372
1022,13026,1800,0.12111111111111106,0.16698490774797148
1023,13027,32208,0.06085444610034774,0.03441043835926517
1024,13028,1610,0.06956521739130439,0.3222966265110265
1025,13029,7379,0.04567014500609834,0.09240013803351974
1026,13030,3830,0.006005221932114835,0.20758990719470907
1027,13031,15710,0.04646721833227241,0.04923493766841982
1028,13032,12329,0.046881336685862585,0.050602960808756786
1029,13033,3747,0.03709634374166004,0.09063568254391292
1030,13034,1925,0.014545454545454528,0.15393133493047403
1031,13035,8621,0.037002667903955455,0.06699790246836278
1032,13036,8869,0.022888713496448276,0.07565609855049936
1033,13037,8948,0.01821636119803305,0.06834675834138756
1034,13039,17707,0.04280792906760034,0.04629432300453336
1035,13040,2624,0.02515243902439024,0.10997388072888345
1036,13041,11610,0.10689061154177437,0.07825487996484676
1037,13042,2643,0.005675368898978461,0.2870889081827141
1038,13044,2172,0.007366482504604033,0.18887065535776365
1039,13045,29609,0.067918538282279,0.02137005876999564
1040,13051,149,0.0,1.8508164071325741
1041,13052,1514,0.03632760898282694,0.16646211759899762
1042,13053,4538,0.06743058616130448,0.11233687543720079
1043,13054,1866,0.0112540192926045,0.2770459117939245
1044,13057,14422,0.06510886146165584,0.06036207224170706
1045,13060,2939,0.03334467505954408,0.18781150961363477
1046,13061,1101,0.021798365122615793,0.23828580151869344
1047,13062,234,0.0,1.365864380753502
1048,13063,2038,0.09617271835132479,0.1751285794844014
1049,13064,39,0.0,0.9428090415820634
1050,13066,12280,0.085586319218241,0.06476997784493
1051,13068,5833,0.051774387107834774,0.12262499755752757
1052,13069,24927,0.03245476792233326,0.0391818175706094
1053,13071,865,0.011560693641618491,0.1915785220145624
1054,13072,619,0.021001615508885352,0.23780576747634885
1055,13073,6337,0.052706327915417406,0.08001429819905789
1056,13074,4329,0.02956802956802962,0.11492844836630532
1057,13076,2343,0.05889884763124198,0.17809076630058643
1058,13077,6961,0.0650768567734521,0.08397278909766533
1059,13078,10149,0.20681840575426147,0.09314967368109495
1060,13080,3618,0.019347705914870117,0.1561104169853099
1061,13081,992,0.017137096774193505,0.17903255090161196
1062,13082,4826,0.036676336510567786,0.16473442209582626
1063,13083,1704,0.02934272300469487,0.19213410571734715
1064,13084,3945,0.07275031685678068,0.22377357598084247
1065,13087,152,0.0,1.0048359522124624
1066,13088,22317,0.09750414482233272,0.051716755566254935
1067,13090,30250,0.1288925619834711,0.03663641246147258
1068,13092,2705,0.03290203327171903,0.14098471670235474
1069,13101,2263,0.03711886875828552,0.1786500515892403
1070,13102,28,0.0,1.5152288168283161
1071,13103,367,0.02997275204359673,0.6300621228946226
1072,13104,15773,0.1263551638876561,0.0636539218893689
1073,13108,6125,0.03885714285714281,0.07330075925672361
1074,13110,2290,0.010480349344978213,0.1685814261003481
1075,13111,1543,0.014257939079714843,0.2561915175935609
1076,13112,2003,0.0029955067398901303,0.30193561459801754
1077,13113,297,0.03367003367003363,0.48453277929123045
1078,13114,6815,0.0415260454878944,0.10445242749209392
1079,13115,119,0.025210084033613467,0.6559886887204627
1080,13116,3521,0.045157625674524304,0.041518248939839235
1081,13117,274,0.007299270072992692,0.6475467150834188
1082,13118,6156,0.10006497725795971,0.06388994303520898
1083,13120,2167,0.3299492385786802,0.20851646006738014
1084,13122,1446,0.008298755186721962,0.3319781736215781
1085,13123,527,0.0,1.188798117896169
1086,13124,64,0.0,0.5745242597140698
1087,13126,36566,0.06905321883717119,0.020913145518190093
1088,13131,3830,0.027937336814621405,0.13742527261296805
1089,13132,3370,0.06231454005934722,0.19395083077325706
1090,13134,199,0.07537688442211055,0.7288112052117025
1091,13135,6655,0.0332081141998497,0.11967750176390486
1092,13136,414,0.0,0.27327798306726475
1093,13138,0,,inf
1094,13140,4536,0.021604938271604923,0.08054654447431162
1095,13141,604,0.0,0.41443013334443346
1096,13142,5996,0.020013342228152098,0.10888538747013948
1097,13143,2869,0.06657371906587661,0.15295924296571406
1098,13144,1904,0.04359243697478987,0.23259440588190344
1099,13145,2047,0.005862237420615535,0.14724120160437307
1100,13146,2077,0.02696196437168996,0.14809855769052072
1101,13147,1328,0.02484939759036142,0.1968268670305751
1102,13148,10532,0.05279149259399929,0.04685362893437412
1103,13152,8290,0.02484921592279854,0.05028360611383707
1104,13153,329,0.0,0.46853883981357863
1105,13155,638,0.040752351097178674,0.25350754338301185
1106,13156,2232,0.01702508960573479,0.1716091866307656
1107,13157,602,0.038205980066445155,0.4062222002041727
1108,13158,1522,0.019710906701708275,0.1299714294431988
1109,13159,5255,0.028353948620361558,0.0722065268792629
1110,13160,1958,0.11542390194075591,0.15728227734074243
1111,13162,441,0.0,0.7856742013183862
1112,13163,417,0.007194244604316502,0.4867304283412936
1113,13164,2404,0.06447587354409323,0.2008568363990132
1114,13165,10881,0.049168274974726534,0.05198157880887921
1115,13166,5534,0.028008673653776683,0.07539474606986239
1116,13167,3024,0.03802910052910058,0.14357601858050684
1117,13202,5840,0.6792808219178081,0.1631686807812652
1118,13203,16564,0.43842067133542617,0.07926745306865514
1119,13204,19503,0.3707634722863149,0.07024341705402076
1120,13205,18377,0.6480927246014039,0.08974060579015512
1121,13206,16142,0.2464998141494239,0.07530939956079485
1122,13207,13153,0.4648369193339923,0.10620982268711598
1123,13208,22553,0.44557265108854693,0.08373373029652866
1124,13209,13095,0.09553264604810996,0.06193468413239586
1125,13210,27822,0.38455179354467683,0.04832464842680978
1126,13211,6616,0.15160217654171704,0.10451280710504157
1127,13212,20645,0.07585371760716886,0.049360383017180084
1128,13214,9357,0.266752164155178,0.10093575491253627
1129,13215,15541,0.07560646033073803,0.044542606858141424
1130,13219,14928,0.04930332261521975,0.05364156516959445
1131,13224,8560,0.44275700934579443,0.12335777437218783
1132,13290,0,,inf
1133,13301,79,0.0,0.9487761874148612
1134,13302,1726,0.03997682502896871,0.18229209763114249
1135,13303,1115,0.014349775784753382,0.2344786344976185
1136,13304,1679,0.053007742703990446,0.23811418147367325
1137,13305,547,0.0,0.6153250966084034
1138,13308,2697,0.004078605858361173,0.2388138097687647
1139,13309,5806,0.02790217016879093,0.05391654884864571
1140,13310,573,0.0,0.6071492780868785
1141,13312,421,0.01187648456057011,0.3362368223895954
1142,13313,511,0.013698630136986356,0.2828855421074388
1143,13314,484,0.0,0.4499770425732575
1144,13315,1489,0.004029550033579632,0.21508359292143078
1145,13316,6490,0.036671802773497686,0.06005768488403175
1146,13317,3966,0.04185577407967722,0.059421145004761984
1147,13318,1271,0.01809598741148699,0.2728653884189124
1148,13319,793,0.0,0.5795957222840553
1149,13320,2163,0.018030513176144236,0.14350284741661487
1150,13321,1144,0.0,0.4994250692296594
1151,13322,797,0.02258469259723961,0.3239851873339646
1152,13323,11151,0.08402833826562639,0.0665950224349573
1153,13324,2093,0.01672240802675584,0.13152123643298227
1154,13325,992,0.02620967741935487,0.22470715001982475
1155,13326,5372,0.06924795234549519,0.08318737867878019
1156,13327,1926,0.03582554517133951,0.1439613358887568
1157,13328,1421,0.010555946516537684,0.2201203558445913
1158,13329,4331,0.02586007850380978,0.1139815271055697
1159,13331,156,0.0,0.6527139518645054
1160,13332,2752,0.03779069767441856,0.1791649476118678
1161,13333,46,0.0,1.1067758314224223
1162,13334,1163,0.0034393809114359186,0.2978251868757883
1163,13335,1570,0.043312101910828016,0.1649719607168662
1164,13337,658,0.06838905775075987,0.3597202710181231
1165,13338,1088,0.04227941176470584,0.15068245976314532
1166,13339,6307,0.03186935151419057,0.058900713654908066
1167,13340,8049,0.03404149583799232,0.061808275552300965
1168,13341,149,0.0,0.7498179290434531
1169,13342,213,0.0,0.4116490181555488
1170,13343,1936,0.0015495867768594573,0.13085782164077675
1171,13345,184,0.0,0.48421442624730976
1172,13346,6304,0.12531725888324874,0.09584614058132693
1173,13348,1364,0.029325513196480912,0.22095908412576112
1174,13350,9985,0.050876314471707595,0.01967486852441763
1175,13352,168,0.0,1.3468700594029477
1176,13353,36,0.0,0.7463904912524668
1177,13354,3467,0.019325064897605992,0.13183130132187507
1178,13355,884,0.0,0.41114579811073015
1179,13357,10969,0.06290454918406418,0.04341477499088166
1180,13360,354,0.0,0.3435660066782095
1181,13361,880,0.03409090909090906,0.22156133161746894
1182,13362,197,0.0,0.6748024104724413
1183,13363,2080,0.00528846153846152,0.18610960387477415
1184,13364,94,0.0,0.8124205571079482
1185,13365,8715,0.02857142857142858,0.05222590191032539
1186,13367,8609,0.04332675107445694,0.050879132154249454
1187,13368,1259,0.030976965845909477,0.18368612099443035
1188,13402,1676,0.014319809069212375,0.21805426497611632
1189,13403,7330,0.24270122783083214,0.13165859261357038
1190,13404,183,0.032786885245901676,0.39334120502881964
1191,13406,730,0.023287671232876672,0.2518734231104851
1192,13407,5155,0.019980601357904915,0.06664180124108207
1193,13408,4096,0.176025390625,0.11366757796646736
1194,13409,2447,0.06865549652635883,0.12602835400021375
1195,13410,209,0.009569377990430672,0.4419570610654949
1196,13411,3353,0.01014017297942138,0.1123745589146718
1197,13413,16370,0.07782529016493589,0.0596963285272015
1198,13415,88,0.17045454545454541,0.6397088461517502
1199,13416,2320,0.03577586206896555,0.14837571290059673
1200,13417,3341,0.03980844058665067,0.19144429269923482
1201,13418,339,0.014749262536873142,0.49175835633017445
1202,13420,1213,0.01154163231657046,0.3172246793220596
1203,13421,13602,0.05594765475665342,0.04548696629770808
1204,13424,2421,0.09458901280462617,0.13972442783169
1205,13425,2306,0.030355594102341676,0.20155501078478263
1206,13428,1889,0.03070407623080995,0.14569630570808767
1207,13431,1874,0.07630736392742798,0.17181442812785597
1208,13433,2003,0.023964053919121264,0.14542289698296065
1209,13435,270,0.011111111111111072,0.4977408125807165
1210,13436,95,0.0,0.6996635519108997
1211,13437,437,0.0,0.2815482378179846
1212,13438,3598,0.023346303501945553,0.10878860988869604
1213,13439,3612,0.04069767441860461,0.12433215585049352
1214,13440,42257,0.09662304470265282,0.027713143597686944
1215,13441,55,0.23636363636363633,0.9446442938816874
1216,13450,77,0.07792207792207795,0.6692579380519292
1217,13452,4498,0.021565140062249855,0.06454930042025486
1218,13454,705,0.018439716312056764,0.2784453415750082
1219,13456,4138,0.0606573223779604,0.1180431314693256
1220,13459,2382,0.03400503778337527,0.19936394267759197
1221,13460,4230,0.03640661938534284,0.08872585042832697
1222,13461,3063,0.044074436826640584,0.0416658224321437
1223,13464,1370,0.03284671532846717,0.17894776008736948
1224,13468,453,0.0,0.33716349831411535
1225,13469,1162,0.12564543889845092,0.45982230391257495
1226,13470,679,0.0,0.24368628394352299
1227,13471,3509,0.049016813907096,0.09575130104258553
1228,13472,137,0.0,1.1767908475221374
1229,13473,549,0.010928961748633892,0.22533834886912749
1230,13475,43,0.0,1.183992749893754
1231,13476,3212,0.07534246575342463,0.19717424488280164
1232,13477,1724,0.007540603248259892,0.3256643816744494
1233,13478,2843,0.0179387970453746,0.19453002659500704
1234,13480,3449,0.013337199188170445,0.10691156411389696
1235,13483,238,0.0,0.5882653053568757
1236,13484,259,0.0,1.425134130422308
1237,13485,1088,0.014705882352941124,0.210195867072631
1238,13486,729,0.0,0.2909904449327356
1239,13488,149,0.10067114093959728,0.6660152400541899
1240,13489,628,0.04936305732484081,0.25515391516203517
1241,13490,1694,0.09681227863046049,0.3400826196580355
1242,13491,3508,0.04703534777651086,0.10013070010433933
1243,13492,11516,0.017193469954845386,0.05457973571910961
1244,13493,1775,0.036619718309859106,0.16756915804634473
1245,13494,238,0.012605042016806678,0.5591873460298344
1246,13495,2263,0.04639858594785684,0.20692102616644512
1247,13501,38376,0.3845632687096102,0.046008175028830006
1248,13502,32370,0.2154772937905468,0.046317487768669174
1249,13601,38466,0.15405812925700624,0.024477095292242693
1250,13602,3982,0.31240582621798096,0.24432338714498547
1251,13603,10005,0.33923038480759615,0.1113893851584968
1252,13605,4760,0.032773109243697474,0.1628387444423566
1253,13606,2991,0.005349381477766646,0.2249635622190772
1254,13607,1670,0.04610778443113772,0.203418696628975
1255,13608,1519,0.03423304805793281,0.1808937000339389
1256,13612,2685,0.12513966480446925,0.16427476148841677
1257,13613,2168,0.07241697416974169,0.23252509199256755
1258,13614,256,0.0546875,0.4830502845798235
1259,13615,1094,0.02468007312614262,0.26439736945033654
1260,13616,2144,0.34748134328358204,0.31574205682149925
1261,13617,11483,0.0755029173560916,0.058709772919570566
1262,13618,1787,0.020705092333519914,0.1375655436008311
1263,13619,10863,0.07677437172051915,0.058419159029895355
1264,13620,2182,0.025206232813932195,0.16841642178368016
1265,13621,462,0.017316017316017285,0.34583330196155176
1266,13622,2681,0.02834763148079078,0.22834346722205265
1267,13623,22,0.0,0.9642365197998375
1268,13624,5764,0.1266481609993061,0.09225554154171219
1269,13625,2010,0.027363184079602032,0.16299177220924732
1270,13626,2232,0.06362007168458783,0.16625537446018906
1271,13628,234,0.008547008547008517,0.4795105509532247
1272,13630,1547,0.018099547511312264,0.2827777873802611
1273,13633,334,0.008982035928143728,0.43384717901276404
1274,13634,4675,0.007914438502673815,0.14383183680911502
1275,13635,1085,0.04608294930875578,0.18955114717063384
1276,13636,293,0.020477815699658675,0.3999452727394762
1277,13637,4363,0.3646573458629383,0.17647487916759047
1278,13638,301,0.019933554817275767,0.8234568390691752
1279,13639,201,0.0,0.4432609673109701
1280,13640,435,0.0,0.5104173087185653
1281,13641,59,0.0,1.0067282986384745
1282,13642,9922,0.08224148357186056,0.0522466653820694
1283,13643,0,,inf
1284,13646,2423,0.028064382996285553,0.15011841973714524
1285,13647,91,0.10989010989010994,1.0598333146037464
1286,13648,2261,0.011941618752764227,0.15952468658599264
1287,13650,1612,0.011786600496277888,0.22243080362306492
1288,13651,159,0.0,0.37356584666459114
1289,13652,1785,0.021848739495798353,0.20871501191077535
1290,13654,3032,0.020778364116095016,0.2541082405573135
1291,13655,3429,0.9676290463692039,0.7660697956833766
1292,13656,2840,0.010563380281690127,0.14542445359328615
1293,13658,2137,0.029480580252690736,0.17597828169401347
1294,13659,527,0.0,0.25493413363461864
1295,13660,1781,0.028074115665356558,0.19127185190344406
1296,13661,1438,0.03268428372739918,0.19907783143755092
1297,13662,16517,0.06575043894169641,0.032133698153502366
1298,13664,357,0.03361344537815125,0.36069915167159133
1299,13665,881,0.02724177071509648,0.45895016638231917
1300,13666,211,0.018957345971563955,0.389081295873758
1301,13667,3025,0.036363636363636376,0.16762545159191597
1302,13668,3470,0.03919308357348705,0.16314868591126308
1303,13669,16103,0.10184437682419423,0.05510192099911358
1304,13670,410,0.019512195121951237,0.2787033476152808
1305,13672,900,0.015555555555555545,0.41415512208143435
1306,13673,2168,0.06180811808118081,0.17051636086337976
1307,13674,141,0.0,1.8454985494797838
1308,13675,92,0.0,1.5525605413008978
1309,13676,17060,0.10035169988276671,0.05941671967813267
1310,13677,85,0.0,1.5805916285346358
1311,13678,263,0.0,0.9517711047149726
1312,13679,1969,0.014220416455053342,0.19898851511421273
1313,13680,1470,0.08775510204081638,0.2889841725929598
1314,13681,735,0.042176870748299344,0.32338378377603466
1315,13682,978,0.04192229038854811,0.2687522965496284
1316,13684,1188,0.030303030303030276,0.29382558071321263
1317,13685,2299,0.06350587211831227,0.21564028207187927
1318,13687,481,0.029106029106029108,0.35801935419660036
1319,13690,741,0.04453441295546556,0.24895569332143755
1320,13691,2953,0.0633254317643075,0.08720534570125506
1321,13692,43,0.0,1.4799909373671927
1322,13693,511,0.10567514677103718,0.5558688089021331
1323,13694,1437,0.10090466249130137,0.18794246597131545
1324,13695,141,0.12765957446808507,0.9759203967118726
1325,13696,30,0.0,2.1213203435596424
1326,13697,2068,0.011121856866537772,0.2716548345024253
1327,13730,2799,0.018935334047874286,0.09411924310748204
1328,13731,1024,0.0205078125,0.24210239058053093
1329,13732,7862,0.010938692444670606,0.06801790641175973
1330,13733,4939,0.021461834379429057,0.09625341831224958
1331,13734,2140,0.0009345794392523477,0.2786774054272604
1332,13736,2062,0.019398642095053376,0.26943308326541093
1333,13739,826,0.03874092009685226,0.2226499375824046
1334,13740,499,0.02004008016032066,0.3206355147392318
1335,13743,3746,0.02696209289909235,0.1476092028979562
1336,13744,1175,0.014468085106382977,0.22550181277631104
1337,13746,1987,0.06089582284851536,0.17730818426256997
1338,13748,3795,0.02055335968379446,0.12349682716538989
1339,13750,840,0.042857142857142816,0.35728990641538755
1340,13751,167,0.0,1.007733017499391
1341,13752,809,0.008652657601977753,0.26423364179146935
1342,13753,5597,0.154011077362873,0.05137848437177454
1343,13754,3337,0.048246928378783305,0.1051343495481549
1344,13755,1212,0.011551155115511524,0.25057468225222884
1345,13756,447,0.0,0.3575081265059502
1346,13757,1106,0.012658227848101222,0.36482762489003095
1347,13760,44320,0.09954873646209383,0.024998989665941093
1348,13774,334,0.0,0.8976445365960963
1349,13775,1626,0.0073800738007380184,0.23483412099985174
1350,13776,448,0.0714285714285714,0.32261514227549015
1351,13777,436,0.022935779816513735,0.32484857707467285
1352,13778,5926,0.029699628754640606,0.07184592993111996
1353,13780,860,0.05697674418604648,0.29480775820682026
1354,13782,687,0.02328966521106257,0.26658685680083366
1355,13783,2403,0.06699958385351645,0.15537299222607723
1356,13784,107,0.0,0.8723186459497595
1357,13786,525,0.02285714285714291,0.38023114455523405
1358,13787,3685,0.01139755766621442,0.18430056987951934
1359,13788,1014,0.03747534516765283,0.23248693402080758
1360,13790,18034,0.19080625485194636,0.047641351228856724
1361,13794,29,0.0,0.9265537132789243
1362,13795,3581,0.052220050265288975,0.2122385245604958
1363,13796,1456,0.008241758241758212,0.25603249670807016
1364,13797,2235,0.02684563758389258,0.10906261742649444
1365,13801,1339,0.0933532486930545,0.17462920674624058
1366,13802,598,0.07525083612040129,0.5690420223109162
1367,13803,4302,0.029753602975360338,0.1309016292458379
1368,13804,578,0.06747404844290661,0.4133291188203968
1369,13806,268,0.14552238805970152,0.5205859922368309
1370,13807,1224,0.023692810457516367,0.251418645058544
1371,13808,1534,0.035853976531942666,0.1911859398397533
1372,13809,2109,0.04030346135609297,0.22053044720745524
1373,13810,1016,0.029527559055118058,0.26277660780455314
1374,13811,4518,0.031208499335989348,0.08664101532339859
1375,13812,2509,0.04663212435233166,0.12404388215265884
1376,13813,631,0.23454833597464342,0.5224525012215805
1377,13815,13444,0.04068729544778338,0.037384585757229735
1378,13820,22143,0.09908323172108568,0.027382412586208594
1379,13825,3416,0.04186182669789229,0.10512446452671481
1380,13826,13,0.0,2.393284490169853
1381,13827,11392,0.0474016853932584,0.0883280630826863
1382,13830,5124,0.04800936768149888,0.0685108774618497
1383,13832,679,0.013254786450662692,0.3700608862801682
1384,13833,4067,0.02901401524465208,0.13813830471049013
1385,13834,158,0.05696202531645567,1.678950731392916
1386,13835,1285,0.017120622568093435,0.19036874617153704
1387,13838,4732,0.053254437869822535,0.09380928274695241
1388,13839,990,0.05555555555555558,0.2924745753270912
1389,13841,628,0.143312101910828,0.3362784368286362
1390,13842,623,0.1252006420545746,0.3981288453908796
1391,13843,2001,0.0264867566216892,0.19485169591678966
1392,13844,930,0.0688172043010753,0.33170791065857647
1393,13845,59,0.0,1.7497896619192532
1394,13846,270,0.0,0.607588049019552
1395,13847,65,0.0,1.3054279037290109
1396,13849,3779,0.01720031754432394,0.14230630190355736
1397,13850,22291,0.151810147593199,0.04323212985989968
1398,13856,6258,0.015819750719079595,0.034425656125501455
1399,13859,352,0.022727272727272707,0.5791027858544968
1400,13860,95,0.0,1.3248948110653207
1401,13861,352,0.1789772727272727,0.5664862003417382
1402,13862,4504,0.013321492007104752,0.07587305745261895
1403,13863,769,0.041612483745123496,0.2649923137305221
1404,13864,1039,0.0,0.3906441697796711
1405,13865,6191,0.009045388467129656,0.07624124778656781
1406,13901,19160,0.12891440501043838,0.05113940490812664
1407,13902,6149,0.3642868759147829,0.11195193429273839
1408,13903,18099,0.14354384220122662,0.059136476579146446
1409,13904,9769,0.1476097860579384,0.109403719954532
1410,13905,27767,0.21774048330752327,0.054955959837886
1411,14001,9609,0.05297117285877828,0.06302921053408368
1412,14004,12363,0.1225430720698859,0.055054872803533765
1413,14005,1865,0.00965147453083115,0.16154302275184917
1414,14006,9826,0.03948707510685934,0.056199431170147106
1415,14008,1450,0.046206896551724164,0.31097248472618944
1416,14009,5368,0.030923994038748126,0.053896901614672706
1417,14011,9859,0.255502586469216,0.045143793884515886
1418,14012,2453,0.01549123522217688,0.11798261406815592
1419,14013,1742,0.3128587830080367,0.17126062381751583
1420,14020,22725,0.09663366336633661,0.023299254982399858
1421,14024,1770,0.015254237288135575,0.14693850535704678
1422,14025,2762,0.0021723388848660097,0.18658197452981282
1423,14026,655,0.013740458015267132,0.440261174255748
1424,14028,1558,0.04172015404364571,0.29757964606668474
1425,14030,1663,0.010222489476849117,0.1744055084021022
1426,14031,10069,0.07220180752805638,0.09813618770111567
1427,14032,8187,0.03591058995969221,0.10376042955990444
1428,14033,2045,0.014669926650366705,0.2208583335767229
1429,14034,2957,0.24078457896516736,0.12465763173991162
1430,14035,103,0.0,1.592706536264845
1431,14036,5092,0.026904948939513007,0.10246690896558096
1432,14037,912,0.015350877192982448,0.2414428834825211
1433,14039,108,0.0,0.45830995076905856
1434,14040,2117,0.0075578649031649014,0.1374847278999259
1435,14041,179,0.05027932960893855,0.6489971996067643
1436,14042,3960,0.007323232323232287,0.07473718076746752
1437,14043,24004,0.04532577903682722,0.039674816865180006
1438,14047,6390,0.022848200312989064,0.09019149164860742
1439,14048,14349,0.12662903338211717,0.03775524155271439
1440,14051,20108,0.11716729659836878,0.06045390801327236
1441,14052,16524,0.025114984265311113,0.06296724293341681
1442,14054,1288,0.0892857142857143,0.19404501866774193
1443,14055,1536,0.025390625,0.2487712686959481
1444,14057,8154,0.007726269315673329,0.04544253194839297
1445,14058,2036,0.13064833005893906,0.17197896992311462
1446,14059,10087,0.009715475364330373,0.09312455142240275
1447,14060,349,0.0630372492836676,0.3430508701770497
1448,14061,307,0.08794788273615639,0.35694105793721886
1449,14062,3073,0.05532053368044254,0.15228730448446373
1450,14063,14538,0.07765855000687849,0.029003322944772526
1451,14065,1725,0.002318840579710102,0.16005351248774966
1452,14066,1101,0.01816530426884655,0.1879509297891845
1453,14067,5691,0.05745914602003166,0.14539588968474101
1454,14068,7141,0.1295336787564767,0.1282192513408472
1455,14069,842,0.001187648456057011,0.3092280847044538
1456,14070,6356,0.2558212712397735,0.08021896207750838
1457,14072,20735,0.06047745358090184,0.02290154758034698
1458,14075,43112,0.03263592503247359,0.026743577569422732
1459,14080,4249,0.016003765591903973,0.10606456888381662
1460,14081,3154,0.4340519974635384,0.15414818888189347
1461,14082,428,0.0,0.3700745770695949
1462,14085,7308,0.011904761904761862,0.09149684825330781
1463,14086,32875,0.03701901140684416,0.026759480705933893
1464,14091,916,0.2412663755458515,0.341920935249255
1465,14092,11399,0.08746381261514169,0.054321377299194507
1466,14094,49463,0.09022906010553344,0.02444440489967689
1467,14098,2876,0.03198887343532686,0.11018034803862872
1468,14101,2181,0.009170105456212774,0.18662878450444045
1469,14102,1290,0.0,0.36616072080047574
1470,14103,10601,0.10423544948589758,0.06014295752920224
1471,14105,4303,0.025563560306762767,0.14020055153573308
1472,14108,5756,0.012856150104239017,0.10547144955149415
1473,14109,1174,0.15502555366269166,0.21468705912730812
1474,14111,3738,0.06447298020331726,0.09758155657309868
1475,14112,0,,inf
1476,14113,560,0.0,0.2904188565587606
1477,14120,44864,0.048702746077032844,0.026829538130743884
1478,14125,3798,0.03712480252764616,0.06349391652908705
1479,14126,510,0.0,0.5351827794862889
1480,14127,30578,0.03708548629733799,0.026084860465729512
1481,14129,1539,0.2573099415204678,0.2293920450203047
1482,14130,128,0.0,0.5745242597140698
1483,14131,5382,0.029728725380899323,0.12700784426996578
1484,14132,6171,0.12056392805055904,0.13562163299748287
1485,14134,125,0.0,0.9842926394116741
1486,14135,114,0.03508771929824561,0.682179204343792
1487,14136,5157,0.028504944735311177,0.0848517573289084
1488,14138,2152,0.02555762081784385,0.1841126330344648
1489,14139,2417,0.06164666942490693,0.19084296819310723
1490,14141,7424,0.029768318965517238,0.05276683934068378
1491,14143,1208,0.04552980132450335,0.19475458159399142
1492,14145,1744,0.00917431192660545,0.17067657846922932
1493,14150,41095,0.08867258790607124,0.027137426763841264
1494,14167,1759,0.032973280272882266,0.15490916263836532
1495,14168,96,0.22916666666666663,1.6102365457111003
1496,14169,201,0.0,0.4925121859010779
1497,14170,2655,0.016195856873822967,0.21508201839250132
1498,14171,2054,0.08081791626095425,0.18298833858390137
1499,14172,2999,0.022007335778592818,0.16647499316935116
1500,14173,396,0.0,0.642824346533225
1501,14174,5412,0.027716186252771613,0.08425035247212008
1502,14201,11711,0.4606779950473914,0.12707847580906484
1503,14202,3419,0.4121088037437848,0.197213290212034
1504,14203,1807,0.6591034864416159,0.35402224253190184
1505,14204,8687,0.8056866582249338,0.2105575687212717
1506,14206,20352,0.18312696540880502,0.05484391101139995
1507,14207,23383,0.4616601804729932,0.09105056045061245
1508,14208,11514,0.8416710092061838,0.18417648835060715
1509,14209,7693,0.5189132978031977,0.15915220941966615
1510,14210,14379,0.1664232561374226,0.0994112075819225
1511,14211,22017,0.8461643275650633,0.1653341303452897
1512,14212,10611,0.5473565168221657,0.11289853081922788
1513,14213,24258,0.6127875340093989,0.10410243626630043
1514,14214,20381,0.4488494185761248,0.10119414534050925
1515,14215,39458,0.8637285214658624,0.09048735624813313
1516,14216,22171,0.23742726985702045,0.07609223197438085
1517,14217,22815,0.08503177733946965,0.0374885651326967
1518,14218,18912,0.17866962774957695,0.04066864361442345
1519,14219,11501,0.060255629945222156,0.06876186030061592
1520,14220,24132,0.12199569036963365,0.06355041181552967
1521,14221,54603,0.11849165796751093,0.03111476022026805
1522,14222,14377,0.22563817208040615,0.09867261444288344
1523,14223,23111,0.10021202025009734,0.050579610518854554
1524,14224,40660,0.03295622233152973,0.019310111146873553
1525,14225,33273,0.18152856670573736,0.0352868675728553
1526,14226,29414,0.20201264703882504,0.0443922205221709
1527,14227,22657,0.09281899633667301,0.04108039650625182
1528,14228,21533,0.259787303209028,0.062718364402408
1529,14261,5817,0.42702423929860756,0.09934014419199237
1530,14301,12730,0.37981146897093476,0.10086185166838774
1531,14302,48,0.16666666666666663,1.4682046860026021
1532,14303,5655,0.347656940760389,0.1686115786124484
1533,14304,29409,0.10425379985718652,0.043463235334501395
1534,14305,16682,0.38070974703272986,0.0654157148862625
1535,14411,14424,0.177759290072102,0.06174671627299685
1536,14414,7046,0.044280442804428,0.03944238631642324
1537,14415,173,0.10982658959537572,0.7487030688350703
1538,14416,3550,0.07436619718309856,0.08284511957309222
1539,14418,1339,0.0007468259895444529,0.21342637235250206
1540,14420,20795,0.09079105554219769,0.03455769984337244
1541,14422,2434,0.01396877567789645,0.13311011636633938
1542,14423,4816,0.052740863787375414,0.06889602900456078
1543,14424,27330,0.05221368459568243,0.024247616236402595
1544,14425,11860,0.08718381112984819,0.04024486828408085
1545,14427,2156,0.02504638218923938,0.12564214057855425
1546,14428,7837,0.023095572285313226,0.07227923716201962
1547,14432,6237,0.043931377264710636,0.13990714113330313
1548,14433,4375,0.05645714285714287,0.11448124056486805
1549,14435,2910,0.027835051546391765,0.12495440597629638
1550,14437,11484,0.10963079066527337,0.04347425031372214
1551,14441,457,0.06345733041575496,0.39642546307182824
1552,14445,7978,0.11732263725244418,0.07260869769278396
1553,14450,41191,0.07030662037823798,0.024698622076228825
1554,14454,11256,0.10083511016346836,0.03715615291609906
1555,14456,19522,0.17262575555783222,0.035681859149772385
1556,14462,530,0.058490566037735836,0.3769312868361363
1557,14464,7538,0.058636243035287916,0.07493112605622164
1558,14466,1910,0.02617801047120416,0.30502766855527685
1559,14467,10782,0.23019847894639212,0.09768811686553153
1560,14468,18547,0.030031811074567316,0.05891736032263077
1561,14469,6207,0.01466086676333167,0.07253256389457055
1562,14470,7848,0.03746177370030579,0.05366866442634933
1563,14471,2550,0.04862745098039212,0.21923981850532234
1564,14472,8303,0.01746356738528243,0.08317664936672636
1565,14475,260,0.0,0.39706765405090744
1566,14476,2246,0.04407836153161171,0.07996649758248134
1567,14477,1740,0.02011494252873558,0.2553625873182234
1568,14478,1566,0.21647509578544066,0.24523096955517742
1569,14479,252,0.0,0.6397632782164001
1570,14480,808,0.0866336633663366,0.9623777042763483
1571,14481,1798,0.08453837597330371,0.1796816778579007
1572,14482,8278,0.05653539502295235,0.05459178331201615
1573,14485,4323,0.06893361091834371,0.07710298397648443
1574,14486,361,0.04432132963988922,0.5011698299044834
1575,14487,5874,0.03489955737146744,0.1475717577224355
1576,14489,7073,0.08214336208115369,0.08811380931659375
1577,14502,10866,0.0365359838026873,0.05267984380942914
1578,14504,1910,0.03403141361256545,0.16609436654314452
1579,14505,5065,0.05054294175715701,0.10487122900041435
1580,14506,1404,0.014245014245014231,0.25920088133550223
1581,14507,1272,0.04952830188679247,0.2137368444484704
1582,14510,4651,0.05117179101268543,0.08289848941230335
1583,14511,334,0.053892215568862256,0.8049171815957032
1584,14512,4592,0.011106271777003518,0.10484223675541346
1585,14513,13740,0.12671033478893745,0.03930460160643008
1586,14514,6784,0.10952240566037741,0.0874665309218897
1587,14516,2547,0.08284255987436195,0.18018153652086039
1588,14517,3163,0.0312993993044578,0.11150953390474688
1589,14519,11774,0.05206386954306097,0.04664545634671152
1590,14521,2454,0.050937245313773416,0.18803908709446238
1591,14522,9232,0.03087088388214909,0.0639806020960318
1592,14525,2751,0.05416212286441291,0.14208069983502133
1593,14526,20329,0.08096807516355942,0.051877073647313386
1594,14527,12738,0.020568378081331495,0.05356224439279332
1595,14529,190,0.0,1.1090411620715324
1596,14530,5289,0.02401210058612213,0.05102861277435066
1597,14532,4611,0.009759271307742345,0.11342035713256587
1598,14533,1820,0.02197802197802201,0.20507004365655127
1599,14534,32195,0.11203603043950927,0.040262595327768325
1600,14536,537,0.040968342644320255,0.225798820359802
1601,14537,194,0.0,0.5686013292015537
1602,14539,186,0.11827956989247312,0.7438986279595612
1603,14541,4317,0.2823720176048181,0.10690008057460544
1604,14542,42,0.0,1.0101525445522108
1605,14543,3186,0.035153797865662306,0.12051502437748228
1606,14544,2242,0.012488849241748423,0.2151845177286231
1607,14545,213,0.136150234741784,0.4309905578855016
1608,14546,4834,0.12577575506826644,0.11641315300720705
1609,14548,3548,0.027057497181510737,0.17699170698551242
1610,14549,48,0.0,0.795495128834866
1611,14550,1774,0.04735062006764379,0.15069577747735402
1612,14551,5339,0.12867578198164453,0.15205315492738108
1613,14555,1115,0.06278026905829592,0.22142725624064544
1614,14559,18423,0.046463659555989745,0.05269531435811299
1615,14560,2091,0.009086561453849784,0.1674858069846027
1616,14561,2896,0.011740331491712719,0.16824351203687996
1617,14564,14789,0.04604773818378527,0.02638008960871896
1618,14568,6085,0.016762530813475784,0.07698955052265302
1619,14569,6084,0.054076265614727115,0.050916745246074264
1620,14571,1142,0.08493870402802106,0.32852549051639823
1621,14572,4968,0.04166666666666663,0.07398803778097839
1622,14580,51928,0.08694731166230163,0.021040989380971074
1623,14585,75,0.0,0.5656854249492381
1624,14586,11267,0.2441643738350936,0.08237026361969643
1625,14588,677,0.47562776957163955,0.41137081350777194
1626,14589,7618,0.07206615909687586,0.06927688099470644
1627,14590,5198,0.0638707195075029,0.11153205594088636
1628,14591,1557,0.02440590879897242,0.1416179443198147
1629,14592,152,0.0,1.0513561351852614
1630,14604,1690,0.4502958579881656,0.2758549952306742
1631,14605,13199,0.7152814607167209,0.1166773149372672
1632,14606,28704,0.36942586399108135,0.06080766547144607
1633,14607,16675,0.20125937031484253,0.07468342430885463
1634,14608,12399,0.7753851117025566,0.1601903943042839
1635,14609,43762,0.4558749600109684,0.054768435083689185
1636,14610,13781,0.12473695667948625,0.06486703611495002
1637,14611,16531,0.7327445405601597,0.12706479568093665
1638,14612,33905,0.10603155876714354,0.04100312830841693
1639,14613,13232,0.6004383313180169,0.1350940739151072
1640,14614,1179,0.6395250212044106,0.3357662738871955
1641,14615,16375,0.36616793893129773,0.10049756575600531
1642,14616,28280,0.15289957567185286,0.05058139934946501
1643,14617,22848,0.07011554621848737,0.04104674015571731
1644,14618,22705,0.14089407619467076,0.05643354716262111
1645,14619,14787,0.8006356935145736,0.1464684982364791
1646,14620,24902,0.28584049473937834,0.06228358472255857
1647,14621,34095,0.6565772107347119,0.08754547482912395
1648,14622,11952,0.11889223560910311,0.07256224255635095
1649,14623,25923,0.27843999537090613,0.06478714725029666
1650,14624,35694,0.16221213649352828,0.04190238883141145
1651,14625,10354,0.043847788294378964,0.057099210360427054
1652,14626,30500,0.11439344262295081,0.04162763382954627
1653,14627,2506,0.267757382282522,0.15564943169853743
1654,14701,40070,0.09940104816571005,0.024105591322783775
1655,14706,6198,0.043885124233623785,0.0552100210813509
1656,14707,193,0.020725388601036232,0.5702217585472474
1657,14708,209,0.0,0.7510894996335576
1658,14709,1552,0.02448453608247425,0.16006469564139403
1659,14710,3237,0.01699104108742666,0.149624371384471
1660,14711,2031,0.02954209748892167,0.17921215836307416
1661,14712,3384,0.010638297872340385,0.08616811841911824
1662,14714,524,0.01526717557251911,0.2923696494325732
1663,14715,2824,0.02337110481586402,0.11250125238312855
1664,14716,3114,0.16281310211946054,0.13463884302002357
1665,14717,510,0.021568627450980427,0.3489940607189497
1666,14718,2354,0.12064570943075614,0.17082749103720468
1667,14719,3547,0.020016915703411353,0.11538608619912526
1668,14720,712,0.026685393258427004,0.28294932895928476
1669,14721,119,0.0,0.6655122646461624
1670,14722,381,0.15223097112860895,0.5536994967586124
1671,14723,1113,0.014375561545372895,0.20093485303671899
1672,14724,2505,0.010778443113772407,0.14957656783891682
1673,14726,2146,0.0013979496738117936,0.20740035657206304
1674,14727,5137,0.02822659139575623,0.08268907040147357
1675,14728,932,0.011802575107296098,0.39460616280616045
1676,14729,813,0.014760147601476037,0.2015280847919395
1677,14731,1243,0.024135156878519748,0.17906694598351783
1678,14732,124,0.0,0.6158671965173156
1679,14733,3856,0.033973029045643144,0.15509665272455656
1680,14735,2763,0.011219688744118717,0.10268721192155042
1681,14736,243,0.0,0.41902624070313926
1682,14737,4139,0.022710799710074947,0.07534954201739369
1683,14738,3531,0.013877088643443836,0.06171125634810995
1684,14739,2766,0.029645697758496015,0.1536305321528095
1685,14740,1367,0.012435991221653286,0.17228454168139032
1686,14741,2297,0.029603831084022647,0.17605631084616105
1687,14742,316,0.19620253164556967,0.5443924175103767
1688,14743,1683,0.048128342245989275,0.1812588419389059
1689,14744,2259,0.0991589198760513,0.1506468568697075
1690,14747,2229,0.03858232391206817,0.14200133161438136
1691,14748,742,0.31940700808625333,0.3330851341092524
1692,14750,4300,0.030930232558139537,0.0806817568357906
1693,14752,198,0.0,0.6856793029687734
1694,14753,1041,0.02497598463016326,0.2111639076113129
1695,14754,585,0.00512820512820511,0.28236960763627716
1696,14755,3122,0.0717488789237668,0.09551016295308155
1697,14756,103,0.0,1.016036928306884
1698,14757,3405,0.06549192364170342,0.11048867099472709
1699,14760,18235,0.07842061968741432,0.030566106602753076
1700,14767,1913,0.030318870883429216,0.14448223378455766
1701,14769,927,0.0,0.35240920486319843
1702,14770,2836,0.019746121297602226,0.11583814910730145
1703,14772,3916,0.04264555669050052,0.10302567654309976
1704,14774,143,0.0,0.6527139518645054
1705,14775,2461,0.01787891101178385,0.16843528582459383
1706,14777,550,0.08727272727272728,0.3307792383529005
1707,14778,1428,0.2009803921568627,0.21598958545616503
1708,14779,6672,0.31040167865707435,0.04709044784880023
1709,14781,2119,0.010382255781028804,0.16402775906878359
1710,14782,2549,0.031777167516673255,0.14549207218705462
1711,14783,351,0.4843304843304843,0.4176177509537897
1712,14784,718,0.02089136490250698,0.4400646730554755
1713,14787,4929,0.011361330898762456,0.038820057601107925
1714,14788,209,0.004784688995215336,0.6443714501823183
1715,14801,5611,0.030832293708786263,0.0795269043563974
1716,14802,4273,0.1923706997425696,0.07488768506645326
1717,14803,855,0.057309941520467866,0.28746650747722513
1718,14804,1464,0.025956284153005438,0.13602719801044508
1719,14805,1049,0.03717826501429933,0.2713101909642891
1720,14806,2267,0.03440670489633879,0.19007833745670097
1721,14807,2836,0.005641748942172065,0.13377815350006403
1722,14808,494,0.028340080971659964,0.4327458330150864
1723,14809,2363,0.029623360135421106,0.12826404823161547
1724,14810,12621,0.04975833927581019,0.04301902525869236
1725,14812,3231,0.028474156607861345,0.12787969446716604
1726,14813,2449,0.058391180073499416,0.13589346333412813
1727,14814,1850,0.09999999999999998,0.3053394385159798
1728,14815,988,0.020242914979757054,0.21184279890968208
1729,14816,519,0.07321772639691715,0.5986768787793874
1730,14817,2494,0.1094627105052125,0.19681851319081864
1731,14818,1804,0.003325942350332567,0.26698055566348095
1732,14819,801,0.0024968789013732895,0.33057319498493054
1733,14820,834,0.007194244604316502,0.25273299093920276
1734,14821,3193,0.008455997494519307,0.10720881866033619
1735,14822,1297,0.04394757131842719,0.4150977021861537
1736,14823,3660,0.015027322404371546,0.08236925130108497
1737,14824,424,0.0778301886792453,0.2930506276404974
1738,14825,781,0.020486555697823317,0.27536853435335146
1739,14826,1982,0.019172552976791102,0.15166629789992425
1740,14827,98,0.0,1.140029300280352
1741,14830,19965,0.06611570247933884,0.038158861002370766
1742,14836,910,0.00439560439560438,0.24764492602743052
1743,14837,5653,0.01963559172120999,0.08682838211022383
1744,14838,2056,0.03307392996108949,0.22004729359504716
1745,14839,819,0.0024420024420024333,0.3509608762010588
1746,14840,2866,0.019888346127006296,0.10392768087392688
1747,14841,599,0.03005008347245408,0.4507880828998715
1748,14842,940,0.0,0.3339951179221565
1749,14843,12968,0.05498149290561383,0.03818468290077474
1750,14845,20728,0.07038788112697802,0.04983329002352763
1751,14846,824,0.0012135922330097637,0.21466520103149928
1752,14847,2388,0.04438860971524283,0.1170438160511092
1753,14850,66159,0.2611436085793316,0.024905858798480788
1754,14853,2864,0.24127094972067042,0.14566121498504378
1755,14854,28,0.0,1.2626906806902634
1756,14855,1083,0.003693444136657398,0.3401456190222172
1757,14856,234,0.0,1.4323445054804425
1758,14858,1627,0.02950215119852484,0.18835213556449468
1759,14859,723,0.015214384508990264,0.30947888529040213
1760,14860,1235,0.004858299595141724,0.2049000915428013
1761,14861,1215,0.0,0.20485727323264585
1762,14864,1156,0.03114186851211076,0.30320418382574876
1763,14865,3005,0.025956738768718846,0.18815610548754805
1764,14867,5800,0.05931034482758624,0.0596747973255422
1765,14869,1359,0.0331125827814569,0.2053678249737895
1766,14870,9938,0.14369088347756087,0.08301835240383151
1767,14871,5294,0.06063468077068379,0.11758268901229754
1768,14872,769,0.16254876462938883,0.3465344932241195
1769,14873,2662,0.029676934635612273,0.17284561132391382
1770,14874,255,0.019607843137254943,0.378178511477896
1771,14877,372,0.018817204301075252,0.27631672466866275
1772,14878,603,0.016583747927031545,0.3251686509535382
1773,14879,1999,0.03951975987993994,0.18562606746143473
1774,14880,1407,0.004264392324093813,0.19440533248936753
1775,14881,287,0.0,1.108704012313402
1776,14882,3985,0.08557089084065239,0.17713019112545683
1777,14883,3920,0.064795918367347,0.16537054888500496
1778,14884,223,0.008968609865470878,0.28347757276648616
1779,14885,748,0.03743315508021394,0.22548861681152024
1780,14886,7269,0.043472279543265935,0.1082605244006306
1781,14889,1779,0.013490725126475533,0.15447770263283492
1782,14891,4310,0.04524361948955913,0.10236913941609366
1783,14892,8299,0.018797445475358443,0.056267194400837654
1784,14893,6,0.0,1.8856180831641267
1785,14894,1325,0.026415094339622636,0.20819763539026045
1786,14895,9446,0.02223163243701043,0.03982535802879801
1787,14897,846,0.0,0.21062755184280138
1788,14898,1826,0.010405257393209189,0.18529955249548619
1789,14901,16334,0.26643810456716055,0.05848611121704297
1790,14903,7143,0.06033879322413549,0.10381387410485937
1791,14904,15782,0.1438981117729058,0.06225394696170982
1792,14905,9150,0.09027322404371585,0.07221265755358423
